=== [21:34:19] QB translating 2507.19457_GEPA ===
Translating batch 1/1: 8 blocks, 1602 chars
Translated 8/8 text blocks
Translating batch 1/1: 4 blocks, 2323 chars
Translated 4/4 text blocks
Translating batch 1/1: 5 blocks, 2495 chars
Translated 5/5 text blocks
Translating batch 1/1: 7 blocks, 2434 chars
Warning: supplier returned 6 translations for 7 inputs; retrying one by one
Warning: single-item JSON translation failed (Could not find translations in supplier response); using plain-text fallback
Translated 7/7 text blocks
Translating batch 1/1: 6 blocks, 2454 chars
Translated 6/6 text blocks
Translating batch 1/1: 5 blocks, 1908 chars
Translated 5/5 text blocks
Translating batch 1/1: 4 blocks, 2203 chars
Translated 4/4 text blocks
Translating batch 1/1: 4 blocks, 2194 chars
Translated 4/4 text blocks
Translating batch 1/1: 7 blocks, 2346 chars
Translated 7/7 text blocks
Translating batch 1/1: 6 blocks, 2483 chars
Warning: supplier returned 5 translations for 6 inputs; retrying one by one
Translated 6/6 text blocks
Translating batch 1/1: 6 blocks, 2427 chars
Warning: supplier returned 5 translations for 6 inputs; retrying one by one
Translated 6/6 text blocks
Translating batch 1/1: 8 blocks, 2424 chars
Translated 8/8 text blocks
Translating batch 1/1: 6 blocks, 2442 chars
Translated 6/6 text blocks
Translating batch 1/1: 5 blocks, 1549 chars
Translated 5/5 text blocks
Translating batch 1/1: 3 blocks, 1978 chars
Translated 3/3 text blocks
Translating batch 1/1: 6 blocks, 2058 chars
Translated 6/6 text blocks
Translating batch 1/1: 8 blocks, 2166 chars
Translated 8/8 text blocks
Translating batch 1/1: 8 blocks, 2394 chars
Translated 8/8 text blocks
Translating batch 1/1: 7 blocks, 2315 chars
Translated 7/7 text blocks
Translating batch 1/1: 8 blocks, 1972 chars
Translated 8/8 text blocks
Translating batch 1/1: 8 blocks, 1386 chars
Translated 8/8 text blocks
Translating batch 1/1: 8 blocks, 2023 chars
Warning: supplier returned 5 translations for 8 inputs; retrying one by one
Translated 8/8 text blocks
Translating batch 1/1: 4 blocks, 1813 chars
Translated 4/4 text blocks
Translating batch 1/1: 8 blocks, 1622 chars
Translated 8/8 text blocks
Translating batch 1/1: 8 blocks, 1680 chars
Translated 8/8 text blocks
Translating batch 1/1: 4 blocks, 2316 chars
Translated 4/4 text blocks
Translating batch 1/1: 8 blocks, 2365 chars
Translated 8/8 text blocks
Translating batch 1/1: 8 blocks, 950 chars
Translated 8/8 text blocks
Translating batch 1/1: 8 blocks, 828 chars
Translated 8/8 text blocks
Translating batch 1/1: 8 blocks, 1458 chars
Translated 8/8 text blocks
Translating batch 1/1: 8 blocks, 197 chars
Translated 8/8 text blocks
Translating batch 1/1: 8 blocks, 376 chars
Translated 8/8 text blocks
Translating batch 1/1: 8 blocks, 782 chars
Translated 8/8 text blocks
Translating batch 1/1: 8 blocks, 744 chars
Translated 8/8 text blocks
Translating batch 1/1: 8 blocks, 958 chars
Translated 8/8 text blocks
Translating batch 1/1: 8 blocks, 809 chars
Translated 8/8 text blocks
Translating batch 1/1: 8 blocks, 904 chars
Translated 8/8 text blocks
Translating batch 1/1: 8 blocks, 591 chars
Translated 8/8 text blocks
Translating batch 1/1: 8 blocks, 1067 chars
Translated 8/8 text blocks
Translating batch 1/1: 8 blocks, 1146 chars
Translated 8/8 text blocks
Translating batch 1/1: 8 blocks, 726 chars
Translated 8/8 text blocks
Translating batch 1/1: 8 blocks, 1100 chars
Translated 8/8 text blocks
Translating batch 1/1: 8 blocks, 883 chars
Translated 8/8 text blocks
Translating batch 1/1: 8 blocks, 1262 chars
Warning: supplier returned 11 translations for 8 inputs; retrying one by one
Translated 8/8 text blocks
Translating batch 1/1: 8 blocks, 1156 chars
Translated 8/8 text blocks
Translating batch 1/1: 8 blocks, 823 chars
Translated 8/8 text blocks
Translating batch 1/1: 8 blocks, 665 chars
Translated 8/8 text blocks
Translating batch 1/1: 8 blocks, 1151 chars
Translated 8/8 text blocks
Translating batch 1/1: 8 blocks, 1385 chars
Translated 8/8 text blocks
Translating batch 1/1: 8 blocks, 1234 chars
Translated 8/8 text blocks
Translating batch 1/1: 8 blocks, 1266 chars
Translated 8/8 text blocks
Translating batch 1/1: 8 blocks, 1449 chars
Translated 8/8 text blocks
Translating batch 1/1: 8 blocks, 683 chars
Warning: supplier response could not be parsed for 8 inputs; retrying one by one
Translated 8/8 text blocks
Translating batch 1/1: 8 blocks, 1570 chars
Translated 8/8 text blocks
Translating batch 1/1: 8 blocks, 554 chars
Translated 8/8 text blocks
Translating batch 1/1: 8 blocks, 1899 chars
Translated 8/8 text blocks
Translating batch 1/1: 8 blocks, 2156 chars
Translated 8/8 text blocks
Translating batch 1/1: 8 blocks, 809 chars
Translated 8/8 text blocks
Translating batch 1/1: 8 blocks, 1047 chars
Translated 8/8 text blocks
Translating batch 1/1: 8 blocks, 2232 chars
Translated 8/8 text blocks
Translating batch 1/1: 8 blocks, 1485 chars
Translated 8/8 text blocks
Translating batch 1/1: 8 blocks, 1629 chars
Translated 8/8 text blocks
Translating batch 1/1: 8 blocks, 2264 chars
Translated 8/8 text blocks
Translating batch 1/1: 8 blocks, 1826 chars
Translated 8/8 text blocks
Translating batch 1/1: 8 blocks, 796 chars
Translated 8/8 text blocks
Translating batch 1/1: 8 blocks, 680 chars
Translated 8/8 text blocks
Translating batch 1/1: 8 blocks, 802 chars
Warning: supplier response could not be parsed for 8 inputs; retrying one by one
Translated 8/8 text blocks
Translating batch 1/1: 8 blocks, 1693 chars
Warning: supplier response could not be parsed for 8 inputs; retrying one by one
Translated 8/8 text blocks
Translating batch 1/1: 8 blocks, 1126 chars
Translated 8/8 text blocks
Translating batch 1/1: 8 blocks, 966 chars
Translated 8/8 text blocks
Translating batch 1/1: 8 blocks, 1213 chars
Translated 8/8 text blocks
Translating batch 1/1: 8 blocks, 1314 chars
Translated 8/8 text blocks
Translating batch 1/1: 1 blocks, 130 chars
Translated 1/1 text blocks
feat NOT subset; don't know how to subset; dropped
meta NOT subset; don't know how to subset; dropped
morx NOT subset; don't know how to subset; dropped
meta NOT subset; don't know how to subset; dropped
feat NOT subset; don't know how to subset; dropped
meta NOT subset; don't know how to subset; dropped
morx NOT subset; don't know how to subset; dropped
meta NOT subset; don't know how to subset; dropped
feat NOT subset; don't know how to subset; dropped
meta NOT subset; don't know how to subset; dropped
morx NOT subset; don't know how to subset; dropped
meta NOT subset; don't know how to subset; dropped
feat NOT subset; don't know how to subset; dropped
meta NOT subset; don't know how to subset; dropped
morx NOT subset; don't know how to subset; dropped
meta NOT subset; don't know how to subset; dropped
feat NOT subset; don't know how to subset; dropped
meta NOT subset; don't know how to subset; dropped
morx NOT subset; don't know how to subset; dropped
meta NOT subset; don't know how to subset; dropped
feat NOT subset; don't know how to subset; dropped
meta NOT subset; don't know how to subset; dropped
morx NOT subset; don't know how to subset; dropped
meta NOT subset; don't know how to subset; dropped
feat NOT subset; don't know how to subset; dropped
meta NOT subset; don't know how to subset; dropped
morx NOT subset; don't know how to subset; dropped
meta NOT subset; don't know how to subset; dropped
feat NOT subset; don't know how to subset; dropped
meta NOT subset; don't know how to subset; dropped
morx NOT subset; don't know how to subset; dropped
meta NOT subset; don't know how to subset; dropped
Warning: Detected layout profile: single_column (confidence 0.65, 1 column)
Warning: Page 91: translated body block still looks like English after retry
Warning: Kept 2 block(s) in their source typesetting: translation repeated the source
Warning: Kept source fonts intact to preserve figure and formula glyph mappings
Wrote: /Users/liyufeng/Desktop/research/awesome_rsi/papers/zh/2507.19457_GEPA_zh.pdf
Pages: 96
Translated text blocks: 669
Skipped text blocks: 1143
=== [21:45:51] QB done 2507.19457_GEPA ===
=== [21:45:51] QB translating 2408.08435_ADAS ===
Translating batch 1/1: 5 blocks, 2006 chars
Translated 5/5 text blocks
Translating batch 1/1: 3 blocks, 2240 chars
Translated 3/3 text blocks
Translating batch 1/1: 2 blocks, 2125 chars
Translated 2/2 text blocks
Translating batch 1/1: 3 blocks, 2097 chars
Translated 3/3 text blocks
Translating batch 1/1: 7 blocks, 2410 chars
Translated 7/7 text blocks
Translating batch 1/1: 5 blocks, 1557 chars
Translated 5/5 text blocks
Translating batch 1/1: 2 blocks, 1505 chars
Translated 2/2 text blocks
Translating batch 1/1: 3 blocks, 2267 chars
Translated 3/3 text blocks
Translating batch 1/1: 5 blocks, 1750 chars
Translated 5/5 text blocks
Translating batch 1/1: 3 blocks, 1881 chars
Translated 3/3 text blocks
Translating batch 1/1: 2 blocks, 1585 chars
Translated 2/2 text blocks
Translating batch 1/1: 2 blocks, 1866 chars
Translated 2/2 text blocks
Translating batch 1/1: 4 blocks, 2232 chars
Translated 4/4 text blocks
Translating batch 1/1: 3 blocks, 2034 chars
Translated 3/3 text blocks
Translating batch 1/1: 6 blocks, 2262 chars
Translated 6/6 text blocks
Translating batch 1/1: 4 blocks, 1700 chars
Translated 4/4 text blocks
Translating batch 1/1: 2 blocks, 1789 chars
Translated 2/2 text blocks
Translating batch 1/1: 4 blocks, 2280 chars
Warning: supplier returned 3 translations for 4 inputs; retrying one by one
Translated 4/4 text blocks
Translating batch 1/1: 2 blocks, 1735 chars
Translated 2/2 text blocks
Translating batch 1/1: 8 blocks, 1694 chars
Translated 8/8 text blocks
Translating batch 1/1: 7 blocks, 2102 chars
Translated 7/7 text blocks
Translating batch 1/1: 3 blocks, 1652 chars
Translated 3/3 text blocks
Translating batch 1/1: 8 blocks, 2218 chars
Translated 8/8 text blocks
Translating batch 1/1: 8 blocks, 249 chars
Warning: supplier response could not be parsed for 8 inputs; retrying one by one
Translated 8/8 text blocks
Translating batch 1/1: 8 blocks, 2176 chars
Translated 8/8 text blocks
Translating batch 1/1: 8 blocks, 2426 chars
Translated 8/8 text blocks
Translating batch 1/1: 8 blocks, 1204 chars
Translated 8/8 text blocks
Translating batch 1/1: 8 blocks, 1623 chars
Translated 8/8 text blocks
Translating batch 1/1: 8 blocks, 2083 chars
Translated 8/8 text blocks
Translating batch 1/1: 8 blocks, 289 chars
Translated 8/8 text blocks
Translating batch 1/1: 8 blocks, 284 chars
Translated 8/8 text blocks
Translating batch 1/1: 8 blocks, 482 chars
Translated 8/8 text blocks
Translating batch 1/1: 8 blocks, 471 chars
Translated 8/8 text blocks
Translating batch 1/1: 8 blocks, 606 chars
Translated 8/8 text blocks
Translating batch 1/1: 8 blocks, 934 chars
Translated 8/8 text blocks
Translating batch 1/1: 8 blocks, 2225 chars
Translated 8/8 text blocks
Translating batch 1/1: 8 blocks, 1858 chars
Translated 8/8 text blocks
Translating batch 1/1: 8 blocks, 2097 chars
Warning: supplier returned 9 translations for 8 inputs; retrying one by one
Warning: single-item JSON translation failed (Extra data: line 1 column 61 (char 60)); using plain-text fallback
Translated 8/8 text blocks
Translating batch 1/1: 8 blocks, 1732 chars
Warning: supplier returned 7 translations for 8 inputs; retrying one by one
Translated 8/8 text blocks
Translating batch 1/1: 8 blocks, 2460 chars
Translated 8/8 text blocks
Translating batch 1/1: 8 blocks, 1378 chars
Translated 8/8 text blocks
Translating batch 1/1: 8 blocks, 1420 chars
Translated 8/8 text blocks
Translating batch 1/1: 8 blocks, 1183 chars
Translated 8/8 text blocks
Translating batch 1/1: 8 blocks, 2422 chars
Translated 8/8 text blocks
Translating batch 1/1: 1 blocks, 623 chars
Translated 1/1 text blocks
Translating batch 1/1: 8 blocks, 2280 chars
Translated 8/8 text blocks
Translating batch 1/1: 4 blocks, 42 chars
Translated 4/4 text blocks
Translating batch 1/1: 8 blocks, 1058 chars
Translated 8/8 text blocks
Translating batch 1/1: 8 blocks, 2073 chars
Translated 8/8 text blocks
Translating batch 1/1: 8 blocks, 1637 chars
Translated 8/8 text blocks
Translating batch 1/1: 5 blocks, 614 chars
Translated 5/5 text blocks
Translating batch 1/1: 2 blocks, 97 chars
Translated 2/2 text blocks
Translating batch 1/1: 1 blocks, 54 chars
Translated 1/1 text blocks
Translating batch 1/1: 1 blocks, 4 chars
Translated 1/1 text blocks
Translating batch 1/1: 1 blocks, 8 chars
Translated 1/1 text blocks
Translating batch 1/1: 1 blocks, 16 chars
Translated 1/1 text blocks
Translating batch 1/1: 2 blocks, 29 chars
Translated 2/2 text blocks
Translating batch 1/1: 2 blocks, 34 chars
Translated 2/2 text blocks
Translating batch 1/1: 1 blocks, 16 chars
Translated 1/1 text blocks
Translating batch 1/1: 1 blocks, 8 chars
Translated 1/1 text blocks
Translating batch 1/1: 1 blocks, 25 chars
Translated 1/1 text blocks
Translating batch 1/1: 1 blocks, 25 chars
Translated 1/1 text blocks
Translating batch 1/1: 1 blocks, 8 chars
Translated 1/1 text blocks
Translating batch 1/1: 1 blocks, 16 chars
Translated 1/1 text blocks
Translating batch 1/1: 2 blocks, 36 chars
Translated 2/2 text blocks
Translating batch 1/1: 1 blocks, 8 chars
Translated 1/1 text blocks
Translating batch 1/1: 1 blocks, 31 chars
Translated 1/1 text blocks
Translating batch 1/1: 1 blocks, 25 chars
Translated 1/1 text blocks
feat NOT subset; don't know how to subset; dropped
meta NOT subset; don't know how to subset; dropped
morx NOT subset; don't know how to subset; dropped
meta NOT subset; don't know how to subset; dropped
feat NOT subset; don't know how to subset; dropped
meta NOT subset; don't know how to subset; dropped
morx NOT subset; don't know how to subset; dropped
meta NOT subset; don't know how to subset; dropped
feat NOT subset; don't know how to subset; dropped
meta NOT subset; don't know how to subset; dropped
morx NOT subset; don't know how to subset; dropped
meta NOT subset; don't know how to subset; dropped
Warning: Detected layout profile: single_column (confidence 0.65, 1 column)
Warning: Page 6: translated body block still looks like English after retry
Warning: Page 23: translated body block still looks like English after retry
Warning: Page 23: translated body block still looks like English after retry
Warning: Page 25: translated body block still looks like English after retry
Warning: Page 27: translated body block still looks like English after retry
Warning: Page 28: translated body block still looks like English after retry
Warning: Page 28: translated body block still looks like English after retry
Warning: Page 30: translated body block still looks like English after retry
Warning: Page 32: translated body block still looks like English after retry
Warning: Kept 1 block(s) in their source typesetting: translation repeated the source
Warning: Kept source fonts intact to preserve figure and formula glyph mappings
Wrote: /Users/liyufeng/Desktop/research/awesome_rsi/papers/zh/2408.08435_ADAS_zh.pdf
Pages: 34
Translated text blocks: 288
Skipped text blocks: 356
=== [21:53:12] QB done 2408.08435_ADAS ===
=== [21:53:12] QB translating 2410.10762_AFlow ===
Translating batch 1/1: 6 blocks, 2138 chars
Translated 6/6 text blocks
Translating batch 1/1: 5 blocks, 2449 chars
Translated 5/5 text blocks
Translating batch 1/1: 5 blocks, 2380 chars
Translated 5/5 text blocks
Translating batch 1/1: 6 blocks, 2116 chars
Translated 6/6 text blocks
Translating batch 1/1: 7 blocks, 2435 chars
Translated 7/7 text blocks
Translating batch 1/1: 8 blocks, 1285 chars
Translated 8/8 text blocks
Translating batch 1/1: 8 blocks, 1999 chars
Translated 8/8 text blocks
Translating batch 1/1: 8 blocks, 2007 chars
Translated 8/8 text blocks
Translating batch 1/1: 4 blocks, 1634 chars
Translated 4/4 text blocks
Translating batch 1/1: 8 blocks, 2230 chars
Translated 8/8 text blocks
Translating batch 1/1: 8 blocks, 1593 chars
Translated 8/8 text blocks
Translating batch 1/1: 8 blocks, 1852 chars
Translated 8/8 text blocks
Translating batch 1/1: 8 blocks, 2198 chars
Translated 8/8 text blocks
Translating batch 1/1: 6 blocks, 2460 chars
Translated 6/6 text blocks
Translating batch 1/1: 8 blocks, 2149 chars
Translated 8/8 text blocks
Translating batch 1/1: 8 blocks, 1134 chars
Translated 8/8 text blocks
Translating batch 1/1: 8 blocks, 2472 chars
Translated 8/8 text blocks
Translating batch 1/1: 8 blocks, 1996 chars
Translated 8/8 text blocks
Translating batch 1/1: 8 blocks, 1672 chars
Translated 8/8 text blocks
Translating batch 1/1: 8 blocks, 1404 chars
Translated 8/8 text blocks
Translating batch 1/1: 8 blocks, 2274 chars
Translated 8/8 text blocks
Translating batch 1/1: 8 blocks, 2240 chars
Translated 8/8 text blocks
Translating batch 1/1: 8 blocks, 987 chars
Translated 8/8 text blocks
Translating batch 1/1: 8 blocks, 1351 chars
Translated 8/8 text blocks
Translating batch 1/1: 8 blocks, 825 chars
Translated 8/8 text blocks
Translating batch 1/1: 8 blocks, 1143 chars
Translated 8/8 text blocks
feat NOT subset; don't know how to subset; dropped
meta NOT subset; don't know how to subset; dropped
morx NOT subset; don't know how to subset; dropped
meta NOT subset; don't know how to subset; dropped
feat NOT subset; don't know how to subset; dropped
meta NOT subset; don't know how to subset; dropped
morx NOT subset; don't know how to subset; dropped
meta NOT subset; don't know how to subset; dropped
feat NOT subset; don't know how to subset; dropped
meta NOT subset; don't know how to subset; dropped
morx NOT subset; don't know how to subset; dropped
meta NOT subset; don't know how to subset; dropped
feat NOT subset; don't know how to subset; dropped
meta NOT subset; don't know how to subset; dropped
morx NOT subset; don't know how to subset; dropped
meta NOT subset; don't know how to subset; dropped
Warning: Detected layout profile: single_column (confidence 0.65, 1 column)
Warning: Kept source fonts intact to preserve figure and formula glyph mappings
Wrote: /Users/liyufeng/Desktop/research/awesome_rsi/papers/zh/2410.10762_AFlow_zh.pdf
Pages: 38
Translated text blocks: 202
Skipped text blocks: 963
=== [21:56:55] QB done 2410.10762_AFlow ===
=== [21:56:55] QB translating 2506.13131_AlphaEvolve ===
Translating batch 1/1: 6 blocks, 1961 chars
Warning: supplier response could not be parsed for 6 inputs; retrying one by one
Translated 6/6 text blocks
Translating batch 1/1: 6 blocks, 1830 chars
Translated 6/6 text blocks
Translating batch 1/1: 4 blocks, 2205 chars
Translated 4/4 text blocks
Translating batch 1/1: 7 blocks, 2203 chars
Translated 7/7 text blocks
Translating batch 1/1: 5 blocks, 2213 chars
Translated 5/5 text blocks
Translating batch 1/1: 6 blocks, 1969 chars
Translated 6/6 text blocks
Translating batch 1/1: 7 blocks, 2288 chars
Translated 7/7 text blocks
Translating batch 1/1: 8 blocks, 2347 chars
Translated 8/8 text blocks
Translating batch 1/1: 6 blocks, 2398 chars
Translated 6/6 text blocks
Translating batch 1/1: 4 blocks, 2418 chars
Translated 4/4 text blocks
Translating batch 1/1: 4 blocks, 2242 chars
Translated 4/4 text blocks
Translating batch 1/1: 8 blocks, 1926 chars
Translated 8/8 text blocks
Translating batch 1/1: 8 blocks, 506 chars
Translated 8/8 text blocks
Translating batch 1/1: 8 blocks, 1277 chars
Translated 8/8 text blocks
Translating batch 1/1: 7 blocks, 2313 chars
Translated 7/7 text blocks
Translating batch 1/1: 8 blocks, 688 chars
Translated 8/8 text blocks
Translating batch 1/1: 8 blocks, 2279 chars
Translated 8/8 text blocks
Translating batch 1/1: 3 blocks, 2336 chars
Translated 3/3 text blocks
Translating batch 1/1: 3 blocks, 1962 chars
Translated 3/3 text blocks
Translating batch 1/1: 3 blocks, 2009 chars
Translated 3/3 text blocks
Translating batch 1/1: 3 blocks, 1893 chars
Translated 3/3 text blocks
Translating batch 1/1: 4 blocks, 2280 chars
Translated 4/4 text blocks
Translating batch 1/1: 8 blocks, 1927 chars
Translated 8/8 text blocks
Translating batch 1/1: 8 blocks, 1338 chars
Translated 8/8 text blocks
Translating batch 1/1: 3 blocks, 2263 chars
Translated 3/3 text blocks
Translating batch 1/1: 4 blocks, 1896 chars
Translated 4/4 text blocks
Translating batch 1/1: 7 blocks, 2490 chars
Translated 7/7 text blocks
Translating batch 1/1: 4 blocks, 1964 chars
Translated 4/4 text blocks
Translating batch 1/1: 6 blocks, 2390 chars
Translated 6/6 text blocks
Translating batch 1/1: 6 blocks, 2095 chars
Translated 6/6 text blocks
Translating batch 1/1: 8 blocks, 1009 chars
Translated 8/8 text blocks
Translating batch 1/1: 8 blocks, 1826 chars
Warning: supplier returned 7 translations for 8 inputs; retrying one by one
Translated 8/8 text blocks
Translating batch 1/1: 6 blocks, 2434 chars
Translated 6/6 text blocks
Translating batch 1/1: 4 blocks, 2467 chars
Translated 4/4 text blocks
Translating batch 1/1: 6 blocks, 2419 chars
Warning: supplier returned 5 translations for 6 inputs; retrying one by one
Translated 6/6 text blocks
Translating batch 1/1: 3 blocks, 2431 chars
Warning: supplier returned 2 translations for 3 inputs; retrying one by one
Translated 3/3 text blocks
Translating batch 1/1: 6 blocks, 526 chars
Translated 6/6 text blocks
Translating batch 1/1: 1 blocks, 2633 chars
Translated 1/1 text blocks
Translating batch 1/1: 8 blocks, 1846 chars
Translated 8/8 text blocks
Translating batch 1/1: 8 blocks, 649 chars
Translated 8/8 text blocks
Translating batch 1/1: 8 blocks, 992 chars
Translated 8/8 text blocks
Translating batch 1/1: 8 blocks, 1540 chars
Translated 8/8 text blocks
Translating batch 1/1: 8 blocks, 1719 chars
Translated 8/8 text blocks
Translating batch 1/1: 8 blocks, 1577 chars
Translated 8/8 text blocks
Translating batch 1/1: 8 blocks, 1288 chars
Warning: supplier returned 7 translations for 8 inputs; retrying one by one
Warning: single-item JSON translation failed (Could not find translations in supplier response); using plain-text fallback
Translated 8/8 text blocks
Translating batch 1/1: 8 blocks, 1130 chars
Translated 8/8 text blocks
Translating batch 1/1: 8 blocks, 1582 chars
Translated 8/8 text blocks
Translating batch 1/1: 3 blocks, 678 chars
Translated 3/3 text blocks
Translating batch 1/1: 8 blocks, 943 chars
Translated 8/8 text blocks
Translating batch 1/1: 4 blocks, 141 chars
Translated 4/4 text blocks
Translating batch 1/1: 4 blocks, 141 chars
Translated 4/4 text blocks
Translating batch 1/1: 6 blocks, 75 chars
Translated 6/6 text blocks
Translating batch 1/1: 6 blocks, 1403 chars
Translated 6/6 text blocks
Translating batch 1/1: 2 blocks, 1522 chars
Translated 2/2 text blocks
Translating batch 1/1: 1 blocks, 1607 chars
Translated 1/1 text blocks
Translating batch 1/1: 1 blocks, 69 chars
Translated 1/1 text blocks
Translating batch 1/1: 1 blocks, 26 chars
Translated 1/1 text blocks
feat NOT subset; don't know how to subset; dropped
meta NOT subset; don't know how to subset; dropped
morx NOT subset; don't know how to subset; dropped
meta NOT subset; don't know how to subset; dropped
feat NOT subset; don't know how to subset; dropped
meta NOT subset; don't know how to subset; dropped
morx NOT subset; don't know how to subset; dropped
meta NOT subset; don't know how to subset; dropped
feat NOT subset; don't know how to subset; dropped
meta NOT subset; don't know how to subset; dropped
morx NOT subset; don't know how to subset; dropped
meta NOT subset; don't know how to subset; dropped
feat NOT subset; don't know how to subset; dropped
meta NOT subset; don't know how to subset; dropped
morx NOT subset; don't know how to subset; dropped
meta NOT subset; don't know how to subset; dropped
Warning: Detected layout profile: single_column (confidence 0.65, 1 column)
Warning: Page 3: translated body block still looks like English after retry
Warning: Page 11: translated body block still looks like English after retry
Warning: Page 27: translated body block still looks like English after retry
Warning: Page 30: translated body block still looks like English after retry
Warning: Kept 6 block(s) in their source typesetting: translation repeated the source
Warning: Page 11: restored 2 protected region(s) affected by PDF redaction
Warning: Page 11: translated text did not fully fit in bbox (70.5, 86.8, 122.2, 89.5)
Warning: Page 11: translated text did not fully fit in bbox (69.2, 108.0, 140.8, 110.6)
Warning: Page 11: translated text did not fully fit in bbox (69.2, 132.1, 198.0, 137.8)
Warning: Page 11: translated text did not fully fit in bbox (69.2, 334.3, 174.4, 340.0)
Warning: Page 11: translated text did not fully fit in bbox (67.9, 418.5, 206.5, 424.5)
Warning: Page 11: translated text did not fully fit in bbox (67.9, 593.8, 187.9, 599.5)
Warning: Page 27: restored 1 protected region(s) affected by PDF redaction
Warning: Kept source fonts intact to preserve figure and formula glyph mappings
Wrote: /Users/liyufeng/Desktop/research/awesome_rsi/papers/zh/2506.13131_AlphaEvolve_zh.pdf
Pages: 44
Translated text blocks: 308
Skipped text blocks: 254
=== [22:06:16] QB done 2506.13131_AlphaEvolve ===
=== [22:06:16] QB translating 2509.19349_ShinkaEvolve ===
Translating batch 1/1: 5 blocks, 2466 chars
Translated 5/5 text blocks
Translating batch 1/1: 4 blocks, 2466 chars
Translated 4/4 text blocks
Translating batch 1/1: 8 blocks, 2179 chars
Translated 8/8 text blocks
Translating batch 1/1: 8 blocks, 1423 chars
Translated 8/8 text blocks
Translating batch 1/1: 6 blocks, 2479 chars
Translated 6/6 text blocks
Translating batch 1/1: 8 blocks, 1353 chars
Translated 8/8 text blocks
Translating batch 1/1: 7 blocks, 1325 chars
Translated 7/7 text blocks
Translating batch 1/1: 7 blocks, 2045 chars
Translated 7/7 text blocks
Translating batch 1/1: 6 blocks, 2073 chars
Translated 6/6 text blocks
Translating batch 1/1: 3 blocks, 1503 chars
Translated 3/3 text blocks
Translating batch 1/1: 3 blocks, 1544 chars
Translated 3/3 text blocks
Translating batch 1/1: 3 blocks, 2101 chars
Translated 3/3 text blocks
Translating batch 1/1: 2 blocks, 804 chars
Translated 2/2 text blocks
Translating batch 1/1: 2 blocks, 1823 chars
Translated 2/2 text blocks
Translating batch 1/1: 1 blocks, 1441 chars
Translated 1/1 text blocks
Translating batch 1/1: 4 blocks, 2432 chars
Translated 4/4 text blocks
Translating batch 1/1: 8 blocks, 2372 chars
Translated 8/8 text blocks
Translating batch 1/1: 8 blocks, 2400 chars
Translated 8/8 text blocks
Translating batch 1/1: 8 blocks, 1432 chars
Translated 8/8 text blocks
Translating batch 1/1: 8 blocks, 640 chars
Translated 8/8 text blocks
Translating batch 1/1: 8 blocks, 2000 chars
Translated 8/8 text blocks
Translating batch 1/1: 8 blocks, 258 chars
Translated 8/8 text blocks
Translating batch 1/1: 8 blocks, 1634 chars
Translated 8/8 text blocks
Translating batch 1/1: 8 blocks, 1695 chars
Warning: supplier returned 7 translations for 8 inputs; retrying one by one
Translated 8/8 text blocks
Translating batch 1/1: 5 blocks, 2051 chars
Translated 5/5 text blocks
Translating batch 1/1: 6 blocks, 2429 chars
Translated 6/6 text blocks
Translating batch 1/1: 7 blocks, 2058 chars
Translated 7/7 text blocks
Translating batch 1/1: 8 blocks, 1188 chars
Translated 8/8 text blocks
Translating batch 1/1: 8 blocks, 242 chars
Translated 8/8 text blocks
Translating batch 1/1: 8 blocks, 361 chars
Translated 8/8 text blocks
Translating batch 1/1: 8 blocks, 626 chars
Translated 8/8 text blocks
Translating batch 1/1: 8 blocks, 456 chars
Translated 8/8 text blocks
Translating batch 1/1: 8 blocks, 245 chars
Translated 8/8 text blocks
Translating batch 1/1: 8 blocks, 535 chars
Translated 8/8 text blocks
Translating batch 1/1: 8 blocks, 365 chars
Translated 8/8 text blocks
Translating batch 1/1: 8 blocks, 428 chars
Translated 8/8 text blocks
Translating batch 1/1: 8 blocks, 435 chars
Translated 8/8 text blocks
Translating batch 1/1: 8 blocks, 392 chars
Translated 8/8 text blocks
Translating batch 1/1: 8 blocks, 431 chars
Translated 8/8 text blocks
Translating batch 1/1: 8 blocks, 294 chars
Translated 8/8 text blocks
Translating batch 1/1: 8 blocks, 321 chars
Translated 8/8 text blocks
Translating batch 1/1: 3 blocks, 152 chars
Translated 3/3 text blocks
Translating batch 1/1: 8 blocks, 512 chars
Translated 8/8 text blocks
Translating batch 1/1: 8 blocks, 763 chars
Translated 8/8 text blocks
Translating batch 1/1: 2 blocks, 34 chars
Translated 2/2 text blocks
Translating batch 1/1: 3 blocks, 62 chars
Translated 3/3 text blocks
Translating batch 1/1: 5 blocks, 32 chars
Translated 5/5 text blocks
Translating batch 1/1: 8 blocks, 517 chars
Translated 8/8 text blocks
Translating batch 1/1: 2 blocks, 70 chars
Translated 2/2 text blocks
Translating batch 1/1: 8 blocks, 424 chars
Translated 8/8 text blocks
Translating batch 1/1: 8 blocks, 489 chars
Translated 8/8 text blocks
Translating batch 1/1: 4 blocks, 72 chars
Translated 4/4 text blocks
Translating batch 1/1: 4 blocks, 72 chars
Translated 4/4 text blocks
Translating batch 1/1: 4 blocks, 51 chars
Translated 4/4 text blocks
Translating batch 1/1: 4 blocks, 51 chars
Translated 4/4 text blocks
Translating batch 1/1: 3 blocks, 61 chars
Translated 3/3 text blocks
Translating batch 1/1: 4 blocks, 43 chars
Translated 4/4 text blocks
Translating batch 1/1: 2 blocks, 173 chars
Translated 2/2 text blocks
Translating batch 1/1: 4 blocks, 117 chars
Translated 4/4 text blocks
Translating batch 1/1: 4 blocks, 117 chars
Translated 4/4 text blocks
Translating batch 1/1: 2 blocks, 75 chars
Translated 2/2 text blocks
Translating batch 1/1: 1 blocks, 11 chars
Translated 1/1 text blocks
Translating batch 1/1: 1 blocks, 11 chars
Translated 1/1 text blocks
feat NOT subset; don't know how to subset; dropped
meta NOT subset; don't know how to subset; dropped
morx NOT subset; don't know how to subset; dropped
meta NOT subset; don't know how to subset; dropped
feat NOT subset; don't know how to subset; dropped
meta NOT subset; don't know how to subset; dropped
morx NOT subset; don't know how to subset; dropped
meta NOT subset; don't know how to subset; dropped
feat NOT subset; don't know how to subset; dropped
meta NOT subset; don't know how to subset; dropped
morx NOT subset; don't know how to subset; dropped
meta NOT subset; don't know how to subset; dropped
feat NOT subset; don't know how to subset; dropped
meta NOT subset; don't know how to subset; dropped
morx NOT subset; don't know how to subset; dropped
meta NOT subset; don't know how to subset; dropped
feat NOT subset; don't know how to subset; dropped
meta NOT subset; don't know how to subset; dropped
morx NOT subset; don't know how to subset; dropped
meta NOT subset; don't know how to subset; dropped
Warning: Detected layout profile: unknown (confidence 0.35, 2 columns)
Warning: Page 32: translated body block still looks like English after retry
Warning: Page 32: translated body block still looks like English after retry
Warning: Page 37: translated body block still looks like English after retry
Warning: Page 38: translated body block still looks like English after retry
Warning: Page 39: translated body block still looks like English after retry
Warning: Page 39: translated body block still looks like English after retry
Warning: Page 40: translated body block still looks like English after retry
Warning: Page 41: translated body block still looks like English after retry
Warning: Page 42: translated body block still looks like English after retry
Warning: Page 43: translated body block still looks like English after retry
Warning: Page 44: translated body block still looks like English after retry
Warning: Page 45: translated body block still looks like English after retry
Warning: Page 50: translated body block still looks like English after retry
Warning: Kept 36 block(s) in their source typesetting: translation repeated the source
Warning: Page 3: restored 1 formula atom group(s) after prose redaction
Warning: Kept source fonts intact to preserve figure and formula glyph mappings
Wrote: /Users/liyufeng/Desktop/research/awesome_rsi/papers/zh/2509.19349_ShinkaEvolve_zh.pdf
Pages: 52
Translated text blocks: 312
Skipped text blocks: 882
=== [22:12:59] QB done 2509.19349_ShinkaEvolve ===
=== [22:12:59] QB translating 2305.16291_Voyager ===
Translating batch 1/1: 8 blocks, 1511 chars
Translated 8/8 text blocks
Translating batch 1/1: 5 blocks, 2351 chars
Translated 5/5 text blocks
Translating batch 1/1: 4 blocks, 1909 chars
Translated 4/4 text blocks
Translating batch 1/1: 5 blocks, 1845 chars
Translated 5/5 text blocks
Translating batch 1/1: 8 blocks, 2320 chars
Translated 8/8 text blocks
Translating batch 1/1: 8 blocks, 1436 chars
Translated 8/8 text blocks
Translating batch 1/1: 8 blocks, 1905 chars
Translated 8/8 text blocks
Translating batch 1/1: 8 blocks, 1898 chars
Translated 8/8 text blocks
Translating batch 1/1: 8 blocks, 1829 chars
Translated 8/8 text blocks
Translating batch 1/1: 8 blocks, 1720 chars
Translated 8/8 text blocks
Translating batch 1/1: 8 blocks, 2199 chars
Translated 8/8 text blocks
Translating batch 1/1: 8 blocks, 2206 chars
Translated 8/8 text blocks
Translating batch 1/1: 8 blocks, 1579 chars
Translated 8/8 text blocks
Translating batch 1/1: 4 blocks, 1444 chars
Translated 4/4 text blocks
Translating batch 1/1: 3 blocks, 1885 chars
Translated 3/3 text blocks
Translating batch 1/1: 8 blocks, 2139 chars
Translated 8/8 text blocks
Translating batch 1/1: 8 blocks, 758 chars
Translated 8/8 text blocks
Translating batch 1/1: 8 blocks, 569 chars
Translated 8/8 text blocks
Translating batch 1/1: 8 blocks, 419 chars
Translated 8/8 text blocks
Translating batch 1/1: 8 blocks, 580 chars
Translated 8/8 text blocks
Translating batch 1/1: 8 blocks, 1386 chars
Translated 8/8 text blocks
Translating batch 1/1: 8 blocks, 1786 chars
Translated 8/8 text blocks
Translating batch 1/1: 8 blocks, 1562 chars
Translated 8/8 text blocks
Translating batch 1/1: 8 blocks, 1443 chars
Translated 8/8 text blocks
Translating batch 1/1: 8 blocks, 1905 chars
Translated 8/8 text blocks
Translating batch 1/1: 8 blocks, 1059 chars
Translated 8/8 text blocks
Translating batch 1/1: 8 blocks, 789 chars
Translated 8/8 text blocks
Translating batch 1/1: 8 blocks, 2421 chars
Translated 8/8 text blocks
Translating batch 1/1: 8 blocks, 1199 chars
Translated 8/8 text blocks
Translating batch 1/1: 8 blocks, 1581 chars
Translated 8/8 text blocks
Translating batch 1/1: 8 blocks, 2242 chars
Translated 8/8 text blocks
Translating batch 1/1: 3 blocks, 2076 chars
Translated 3/3 text blocks
Translating batch 1/1: 8 blocks, 2028 chars
Translated 8/8 text blocks
Translating batch 1/1: 8 blocks, 1245 chars
Translated 8/8 text blocks
Translating batch 1/1: 8 blocks, 796 chars
Translated 8/8 text blocks
Translating batch 1/1: 8 blocks, 1158 chars
Translated 8/8 text blocks
Translating batch 1/1: 8 blocks, 1505 chars
Translated 8/8 text blocks
Translating batch 1/1: 8 blocks, 985 chars
Translated 8/8 text blocks
Translating batch 1/1: 8 blocks, 844 chars
Translated 8/8 text blocks
Translating batch 1/1: 8 blocks, 871 chars
Translated 8/8 text blocks
Translating batch 1/1: 8 blocks, 1708 chars
Translated 8/8 text blocks
Translating batch 1/1: 8 blocks, 1267 chars
Translated 8/8 text blocks
Translating batch 1/1: 8 blocks, 156 chars
Translated 8/8 text blocks
Translating batch 1/1: 8 blocks, 1110 chars
Translated 8/8 text blocks
Translating batch 1/1: 8 blocks, 1783 chars
Translated 8/8 text blocks
Translating batch 1/1: 8 blocks, 780 chars
Translated 8/8 text blocks
Translating batch 1/1: 8 blocks, 502 chars
Translated 8/8 text blocks
Translating batch 1/1: 8 blocks, 1499 chars
Translated 8/8 text blocks
Translating batch 1/1: 8 blocks, 255 chars
Translated 8/8 text blocks
Translating batch 1/1: 8 blocks, 1027 chars
Translated 8/8 text blocks
Translating batch 1/1: 8 blocks, 345 chars
Translated 8/8 text blocks
Translating batch 1/1: 8 blocks, 801 chars
Translated 8/8 text blocks
Translating batch 1/1: 4 blocks, 648 chars
Translated 4/4 text blocks
Translating batch 1/1: 4 blocks, 2319 chars
Translated 4/4 text blocks
Translating batch 1/1: 8 blocks, 1574 chars
Translated 8/8 text blocks
Translating batch 1/1: 2 blocks, 72 chars
Translated 2/2 text blocks
Translating batch 1/1: 3 blocks, 176 chars
Translated 3/3 text blocks
Translating batch 1/1: 8 blocks, 1680 chars
Translated 8/8 text blocks
Translating batch 1/1: 2 blocks, 134 chars
Translated 2/2 text blocks
Translating batch 1/1: 2 blocks, 1795 chars
Translated 2/2 text blocks
Translating batch 1/1: 8 blocks, 2438 chars
Translated 8/8 text blocks
Translating batch 1/1: 5 blocks, 199 chars
Translated 5/5 text blocks
Translating batch 1/1: 3 blocks, 240 chars
Translated 3/3 text blocks
Translating batch 1/1: 8 blocks, 1133 chars
Translated 8/8 text blocks
Translating batch 1/1: 8 blocks, 1626 chars
Translated 8/8 text blocks
Translating batch 1/1: 5 blocks, 336 chars
Translated 5/5 text blocks
Translating batch 1/1: 4 blocks, 140 chars
Translated 4/4 text blocks
Translating batch 1/1: 2 blocks, 61 chars
Warning: supplier returned 1 translations for 2 inputs; retrying one by one
Translated 2/2 text blocks
Translating batch 1/1: 1 blocks, 32 chars
Translated 1/1 text blocks
Translating batch 1/1: 1 blocks, 41 chars
Translated 1/1 text blocks
Translating batch 1/1: 1 blocks, 101 chars
Translated 1/1 text blocks
Translating batch 1/1: 4 blocks, 144 chars
Translated 4/4 text blocks
Translating batch 1/1: 4 blocks, 155 chars
Translated 4/4 text blocks
Translating batch 1/1: 3 blocks, 181 chars
Translated 3/3 text blocks
Translating batch 1/1: 1 blocks, 66 chars
Translated 1/1 text blocks
Translating batch 1/1: 2 blocks, 76 chars
Translated 2/2 text blocks
Translating batch 1/1: 4 blocks, 115 chars
Translated 4/4 text blocks
Translating batch 1/1: 1 blocks, 37 chars
Translated 1/1 text blocks
Translating batch 1/1: 1 blocks, 46 chars
Translated 1/1 text blocks
Translating batch 1/1: 1 blocks, 70 chars
Translated 1/1 text blocks
Translating batch 1/1: 7 blocks, 505 chars
Translated 7/7 text blocks
Translating batch 1/1: 8 blocks, 563 chars
Translated 8/8 text blocks
Translating batch 1/1: 2 blocks, 60 chars
Translated 2/2 text blocks
Translating batch 1/1: 2 blocks, 74 chars
Translated 2/2 text blocks
Translating batch 1/1: 3 blocks, 109 chars
Translated 3/3 text blocks
Translating batch 1/1: 2 blocks, 222 chars
Translated 2/2 text blocks
Translating batch 1/1: 4 blocks, 144 chars
Translated 4/4 text blocks
Translating batch 1/1: 3 blocks, 119 chars
Translated 3/3 text blocks
feat NOT subset; don't know how to subset; dropped
meta NOT subset; don't know how to subset; dropped
morx NOT subset; don't know how to subset; dropped
meta NOT subset; don't know how to subset; dropped
feat NOT subset; don't know how to subset; dropped
meta NOT subset; don't know how to subset; dropped
morx NOT subset; don't know how to subset; dropped
meta NOT subset; don't know how to subset; dropped
feat NOT subset; don't know how to subset; dropped
meta NOT subset; don't know how to subset; dropped
morx NOT subset; don't know how to subset; dropped
meta NOT subset; don't know how to subset; dropped
Warning: Detected layout profile: generic_two_column (confidence 0.72, 2 columns)
Warning: Page 20: translated body block still looks like English after retry
Warning: Page 20: translated body block still looks like English after retry
Warning: Page 25: translated body block still looks like English after retry
Warning: Page 26: translated body block still looks like English after retry
Warning: Page 27: translated body block still looks like English after retry
Warning: Page 27: translated body block still looks like English after retry
Warning: Page 27: translated body block still looks like English after retry
Warning: Page 28: translated body block still looks like English after retry
Warning: Page 28: translated body block still looks like English after retry
Warning: Page 28: translated body block still looks like English after retry
Warning: Page 31: translated body block still looks like English after retry
Warning: Page 31: translated body block still looks like English after retry
Warning: Page 40: translated body block still looks like English after retry
Warning: Page 40: translated body block still looks like English after retry
Warning: Page 40: translated body block still looks like English after retry
Warning: Page 40: translated body block still looks like English after retry
Warning: Page 40: translated body block still looks like English after retry
Warning: Page 40: translated body block still looks like English after retry
Warning: Page 40: translated body block still looks like English after retry
Warning: Page 41: translated body block still looks like English after retry
Warning: Page 41: translated body block still looks like English after retry
Warning: Page 41: translated body block still looks like English after retry
Warning: Kept 1 block(s) in their source typesetting: translation repeated the source
Warning: Kept source fonts intact to preserve figure and formula glyph mappings
Wrote: /Users/liyufeng/Desktop/research/awesome_rsi/papers/zh/2305.16291_Voyager_zh.pdf
Pages: 42
Translated text blocks: 371
Skipped text blocks: 311
=== [22:21:27] QB done 2305.16291_Voyager ===
=== [22:21:27] QB translating 2408.06292_AIScientist ===
Translating batch 1/1: 3 blocks, 2166 chars
Translated 3/3 text blocks
Translating batch 1/1: 3 blocks, 1781 chars
Translated 3/3 text blocks
Translating batch 1/1: 1 blocks, 4341 chars
Translated 1/1 text blocks
Translating batch 1/1: 6 blocks, 1922 chars
Translated 6/6 text blocks
Translating batch 1/1: 8 blocks, 1974 chars
Translated 8/8 text blocks
Translating batch 1/1: 4 blocks, 2418 chars
Translated 4/4 text blocks
Translating batch 1/1: 2 blocks, 1516 chars
Translated 2/2 text blocks
Translating batch 1/1: 6 blocks, 2299 chars
Translated 6/6 text blocks
Translating batch 1/1: 4 blocks, 1187 chars
Translated 4/4 text blocks
Translating batch 1/1: 1 blocks, 2657 chars
Translated 1/1 text blocks
Translating batch 1/1: 8 blocks, 2180 chars
Translated 8/8 text blocks
Translating batch 1/1: 8 blocks, 2197 chars
Translated 8/8 text blocks
Translating batch 1/1: 8 blocks, 1185 chars
Warning: supplier returned 7 translations for 8 inputs; retrying one by one
Warning: single-item JSON translation failed (Could not find translations in supplier response); using plain-text fallback
Translated 8/8 text blocks
Translating batch 1/1: 8 blocks, 1279 chars
Translated 8/8 text blocks
Translating batch 1/1: 8 blocks, 853 chars
Translated 8/8 text blocks
Translating batch 1/1: 5 blocks, 2474 chars
Translated 5/5 text blocks
Translating batch 1/1: 4 blocks, 1442 chars
Translated 4/4 text blocks
Translating batch 1/1: 2 blocks, 1797 chars
Translated 2/2 text blocks
Translating batch 1/1: 6 blocks, 2445 chars
Translated 6/6 text blocks
Translating batch 1/1: 8 blocks, 1879 chars
Warning: supplier returned 7 translations for 8 inputs; retrying one by one
Translated 8/8 text blocks
Translating batch 1/1: 8 blocks, 1121 chars
Warning: supplier returned 6 translations for 8 inputs; retrying one by one
Warning: single-item JSON translation failed (Could not find translations in supplier response); using plain-text fallback
Translated 8/8 text blocks
Translating batch 1/1: 8 blocks, 1854 chars
Warning: supplier returned 7 translations for 8 inputs; retrying one by one
Translated 8/8 text blocks
Translating batch 1/1: 8 blocks, 1971 chars
Warning: supplier returned 7 translations for 8 inputs; retrying one by one
Translated 8/8 text blocks
Translating batch 1/1: 8 blocks, 1781 chars
Warning: supplier returned 6 translations for 8 inputs; retrying one by one
Warning: single-item JSON translation failed (Could not find translations in supplier response); using plain-text fallback
Translated 8/8 text blocks
Translating batch 1/1: 8 blocks, 2013 chars
Translated 8/8 text blocks
Translating batch 1/1: 6 blocks, 2473 chars
Translated 6/6 text blocks
Translating batch 1/1: 4 blocks, 1354 chars
Translated 4/4 text blocks
Translating batch 1/1: 1 blocks, 2702 chars
Translated 1/1 text blocks
Translating batch 1/1: 3 blocks, 896 chars
Translated 3/3 text blocks
Translating batch 1/1: 2 blocks, 1815 chars
Translated 2/2 text blocks
Translating batch 1/1: 5 blocks, 2336 chars
Translated 5/5 text blocks
Translating batch 1/1: 1 blocks, 1333 chars
Translated 1/1 text blocks
Translating batch 1/1: 3 blocks, 2022 chars
Translated 3/3 text blocks
Translating batch 1/1: 4 blocks, 2422 chars
Translated 4/4 text blocks
Translating batch 1/1: 8 blocks, 2281 chars
Translated 8/8 text blocks
Translating batch 1/1: 8 blocks, 663 chars
Translated 8/8 text blocks
Translating batch 1/1: 8 blocks, 724 chars
Warning: supplier returned 6 translations for 8 inputs; retrying one by one
Translated 8/8 text blocks
Translating batch 1/1: 8 blocks, 807 chars
Translated 8/8 text blocks
Translating batch 1/1: 8 blocks, 1928 chars
Translated 8/8 text blocks
Translating batch 1/1: 8 blocks, 865 chars
Translated 8/8 text blocks
Translating batch 1/1: 8 blocks, 1261 chars
Warning: supplier response could not be parsed for 8 inputs; retrying one by one
Warning: single-item JSON translation failed (Could not find translations in supplier response); using plain-text fallback
Translated 8/8 text blocks
Translating batch 1/1: 8 blocks, 961 chars
Translated 8/8 text blocks
Translating batch 1/1: 8 blocks, 329 chars
Translated 8/8 text blocks
Translating batch 1/1: 2 blocks, 1557 chars
Translated 2/2 text blocks
Translating batch 1/1: 6 blocks, 2358 chars
Warning: supplier response could not be parsed for 6 inputs; retrying one by one
Translated 6/6 text blocks
Translating batch 1/1: 4 blocks, 1472 chars
Translated 4/4 text blocks
Translating batch 1/1: 4 blocks, 2346 chars
Translated 4/4 text blocks
Translating batch 1/1: 4 blocks, 2017 chars
Translated 4/4 text blocks
Translating batch 1/1: 8 blocks, 1819 chars
Translated 8/8 text blocks
Translating batch 1/1: 8 blocks, 1733 chars
Warning: supplier response could not be parsed for 8 inputs; retrying one by one
Warning: single-item JSON translation failed (Could not find translations in supplier response); using plain-text fallback
Translated 8/8 text blocks
Translating batch 1/1: 8 blocks, 936 chars
Translated 8/8 text blocks
Translating batch 1/1: 8 blocks, 1241 chars
Warning: supplier response could not be parsed for 8 inputs; retrying one by one
Translated 8/8 text blocks
Translating batch 1/1: 8 blocks, 1832 chars
Translated 8/8 text blocks
Translating batch 1/1: 8 blocks, 798 chars
Translated 8/8 text blocks
Translating batch 1/1: 8 blocks, 1114 chars
Translated 8/8 text blocks
Translating batch 1/1: 8 blocks, 542 chars
Translated 8/8 text blocks
Translating batch 1/1: 8 blocks, 1332 chars
Warning: supplier response could not be parsed for 8 inputs; retrying one by one
Warning: single-item JSON translation failed (Could not find translations in supplier response); using plain-text fallback
Translated 8/8 text blocks
Translating batch 1/1: 8 blocks, 1048 chars
Translated 8/8 text blocks
Translating batch 1/1: 4 blocks, 2456 chars
Translated 4/4 text blocks
Translating batch 1/1: 6 blocks, 936 chars
Translated 6/6 text blocks
Translating batch 1/1: 3 blocks, 2420 chars
Translated 3/3 text blocks
Translating batch 1/1: 6 blocks, 2456 chars
Translated 6/6 text blocks
Translating batch 1/1: 7 blocks, 1836 chars
Translated 7/7 text blocks
Translating batch 1/1: 1 blocks, 1251 chars
Translated 1/1 text blocks
Translating batch 1/1: 3 blocks, 2100 chars
Translated 3/3 text blocks
Translating batch 1/1: 8 blocks, 2298 chars
Translated 8/8 text blocks
Translating batch 1/1: 8 blocks, 726 chars
Translated 8/8 text blocks
Translating batch 1/1: 8 blocks, 1747 chars
Translated 8/8 text blocks
Translating batch 1/1: 8 blocks, 1177 chars
Translated 8/8 text blocks
Translating batch 1/1: 7 blocks, 2437 chars
Translated 7/7 text blocks
Translating batch 1/1: 4 blocks, 1759 chars
Translated 4/4 text blocks
Translating batch 1/1: 5 blocks, 2287 chars
Translated 5/5 text blocks
Translating batch 1/1: 7 blocks, 2188 chars
Translated 7/7 text blocks
Translating batch 1/1: 4 blocks, 2450 chars
Warning: supplier returned 3 translations for 4 inputs; retrying one by one
Translated 4/4 text blocks
Translating batch 1/1: 5 blocks, 2385 chars
Translated 5/5 text blocks
Translating batch 1/1: 8 blocks, 2024 chars
Translated 8/8 text blocks
Translating batch 1/1: 8 blocks, 1702 chars
Warning: supplier response could not be parsed for 8 inputs; retrying one by one
Translated 8/8 text blocks
Translating batch 1/1: 1 blocks, 2158 chars
Translated 1/1 text blocks
Translating batch 1/1: 8 blocks, 1181 chars
Translated 8/8 text blocks
Translating batch 1/1: 8 blocks, 1432 chars
Translated 8/8 text blocks
Translating batch 1/1: 6 blocks, 1808 chars
Translated 6/6 text blocks
Translating batch 1/1: 1 blocks, 2056 chars
Translated 1/1 text blocks
Translating batch 1/1: 4 blocks, 2418 chars
Translated 4/4 text blocks
Translating batch 1/1: 6 blocks, 2479 chars
Translated 6/6 text blocks
Translating batch 1/1: 5 blocks, 1908 chars
Translated 5/5 text blocks
Translating batch 1/1: 4 blocks, 2371 chars
Translated 4/4 text blocks
Translating batch 1/1: 6 blocks, 2385 chars
Translated 6/6 text blocks
Translating batch 1/1: 7 blocks, 2306 chars
Translated 7/7 text blocks
Translating batch 1/1: 3 blocks, 1128 chars
Translated 3/3 text blocks
Translating batch 1/1: 6 blocks, 2498 chars
Translated 6/6 text blocks
Translating batch 1/1: 4 blocks, 2037 chars
Translated 4/4 text blocks
Translating batch 1/1: 6 blocks, 2302 chars
Translated 6/6 text blocks
Translating batch 1/1: 8 blocks, 2369 chars
Translated 8/8 text blocks
Translating batch 1/1: 8 blocks, 1897 chars
Translated 8/8 text blocks
Translating batch 1/1: 8 blocks, 1280 chars
Translated 8/8 text blocks
Translating batch 1/1: 7 blocks, 2419 chars
Translated 7/7 text blocks
Translating batch 1/1: 2 blocks, 2493 chars
Translated 2/2 text blocks
Translating batch 1/1: 8 blocks, 1725 chars
Translated 8/8 text blocks
Translating batch 1/1: 8 blocks, 1029 chars
Translated 8/8 text blocks
Translating batch 1/1: 8 blocks, 1373 chars
Translated 8/8 text blocks
Translating batch 1/1: 8 blocks, 857 chars
Translated 8/8 text blocks
Translating batch 1/1: 1 blocks, 170 chars
Translated 1/1 text blocks
Translating batch 1/1: 7 blocks, 147 chars
Warning: supplier returned 8 translations for 7 inputs; retrying one by one
Translated 7/7 text blocks
Translating batch 1/1: 5 blocks, 2442 chars
Translated 5/5 text blocks
Translating batch 1/1: 6 blocks, 2187 chars
Translated 6/6 text blocks
Translating batch 1/1: 4 blocks, 1372 chars
Translated 4/4 text blocks
Translating batch 1/1: 4 blocks, 2490 chars
Translated 4/4 text blocks
Translating batch 1/1: 6 blocks, 2299 chars
Translated 6/6 text blocks
Translating batch 1/1: 4 blocks, 1563 chars
Translated 4/4 text blocks
Translating batch 1/1: 5 blocks, 1984 chars
Translated 5/5 text blocks
Translating batch 1/1: 3 blocks, 2392 chars
Translated 3/3 text blocks
Translating batch 1/1: 6 blocks, 2265 chars
Translated 6/6 text blocks
Translating batch 1/1: 3 blocks, 2001 chars
Translated 3/3 text blocks
Translating batch 1/1: 3 blocks, 2457 chars
Translated 3/3 text blocks
Translating batch 1/1: 8 blocks, 1942 chars
Translated 8/8 text blocks
Translating batch 1/1: 7 blocks, 1279 chars
Translated 7/7 text blocks
Translating batch 1/1: 1 blocks, 2274 chars
Translated 1/1 text blocks
Translating batch 1/1: 7 blocks, 2455 chars
Translated 7/7 text blocks
Translating batch 1/1: 7 blocks, 2423 chars
Translated 7/7 text blocks
Translating batch 1/1: 5 blocks, 2114 chars
Translated 5/5 text blocks
Translating batch 1/1: 6 blocks, 2359 chars
Translated 6/6 text blocks
Translating batch 1/1: 8 blocks, 1735 chars
Translated 8/8 text blocks
Translating batch 1/1: 4 blocks, 2222 chars
Translated 4/4 text blocks
Translating batch 1/1: 8 blocks, 1805 chars
Translated 8/8 text blocks
Translating batch 1/1: 8 blocks, 606 chars
Translated 8/8 text blocks
Translating batch 1/1: 8 blocks, 287 chars
Translated 8/8 text blocks
Translating batch 1/1: 8 blocks, 214 chars
Translated 8/8 text blocks
Translating batch 1/1: 8 blocks, 1600 chars
Translated 8/8 text blocks
Translating batch 1/1: 8 blocks, 2102 chars
Translated 8/8 text blocks
Translating batch 1/1: 5 blocks, 1767 chars
Translated 5/5 text blocks
Translating batch 1/1: 1 blocks, 1557 chars
Translated 1/1 text blocks
Translating batch 1/1: 1 blocks, 1035 chars
Translated 1/1 text blocks
Translating batch 1/1: 1 blocks, 2014 chars
Translated 1/1 text blocks
Translating batch 1/1: 8 blocks, 2454 chars
Translated 8/8 text blocks
Translating batch 1/1: 5 blocks, 2132 chars
Translated 5/5 text blocks
Translating batch 1/1: 3 blocks, 1251 chars
Translated 3/3 text blocks
Translating batch 1/1: 6 blocks, 2450 chars
Translated 6/6 text blocks
Translating batch 1/1: 8 blocks, 1895 chars
Translated 8/8 text blocks
Translating batch 1/1: 8 blocks, 2036 chars
Translated 8/8 text blocks
Translating batch 1/1: 8 blocks, 436 chars
Translated 8/8 text blocks
Translating batch 1/1: 8 blocks, 618 chars
Translated 8/8 text blocks
Translating batch 1/1: 8 blocks, 1115 chars
Translated 8/8 text blocks
Translating batch 1/1: 5 blocks, 2452 chars
Translated 5/5 text blocks
Translating batch 1/1: 3 blocks, 2482 chars
Translated 3/3 text blocks
Translating batch 1/1: 8 blocks, 2122 chars
Translated 8/8 text blocks
Translating batch 1/1: 8 blocks, 2225 chars
Translated 8/8 text blocks
Translating batch 1/1: 8 blocks, 687 chars
Translated 8/8 text blocks
Translating batch 1/1: 4 blocks, 2253 chars
Translated 4/4 text blocks
Translating batch 1/1: 1 blocks, 2797 chars
Translated 1/1 text blocks
Translating batch 1/1: 6 blocks, 2220 chars
Warning: supplier response could not be parsed for 6 inputs; retrying one by one
Translated 6/6 text blocks
Translating batch 1/1: 8 blocks, 1909 chars
Translated 8/8 text blocks
Translating batch 1/1: 8 blocks, 453 chars
Translated 8/8 text blocks
Translating batch 1/1: 8 blocks, 426 chars
Translated 8/8 text blocks
Translating batch 1/1: 7 blocks, 1864 chars
Translated 7/7 text blocks
Translating batch 1/1: 3 blocks, 1993 chars
Translated 3/3 text blocks
Translating batch 1/1: 8 blocks, 2361 chars
Translated 8/8 text blocks
Translating batch 1/1: 6 blocks, 1763 chars
Warning: supplier returned 5 translations for 6 inputs; retrying one by one
Translated 6/6 text blocks
Translating batch 1/1: 2 blocks, 2045 chars
Translated 2/2 text blocks
Translating batch 1/1: 4 blocks, 2480 chars
Warning: supplier returned 3 translations for 4 inputs; retrying one by one
Warning: single-item JSON translation failed (Could not find translations in supplier response); using plain-text fallback
Warning: single-item JSON translation failed (Could not find translations in supplier response); using plain-text fallback
Translated 4/4 text blocks
Translating batch 1/1: 4 blocks, 727 chars
Translated 4/4 text blocks
Translating batch 1/1: 5 blocks, 2480 chars
Translated 5/5 text blocks
Translating batch 1/1: 8 blocks, 2095 chars
Translated 8/8 text blocks
Translating batch 1/1: 8 blocks, 425 chars
Translated 8/8 text blocks
Translating batch 1/1: 8 blocks, 838 chars
Translated 8/8 text blocks
Translating batch 1/1: 8 blocks, 1379 chars
Translated 8/8 text blocks
Translating batch 1/1: 8 blocks, 1661 chars
Translated 8/8 text blocks
Translating batch 1/1: 8 blocks, 1851 chars
Translated 8/8 text blocks
Translating batch 1/1: 8 blocks, 1469 chars
Translated 8/8 text blocks
Translating batch 1/1: 8 blocks, 1229 chars
Translated 8/8 text blocks
Translating batch 1/1: 4 blocks, 1727 chars
Translated 4/4 text blocks
Translating batch 1/1: 1 blocks, 1248 chars
Translated 1/1 text blocks
Translating batch 1/1: 1 blocks, 2511 chars
Translated 1/1 text blocks
Translating batch 1/1: 4 blocks, 1216 chars
Translated 4/4 text blocks
feat NOT subset; don't know how to subset; dropped
meta NOT subset; don't know how to subset; dropped
morx NOT subset; don't know how to subset; dropped
meta NOT subset; don't know how to subset; dropped
feat NOT subset; don't know how to subset; dropped
meta NOT subset; don't know how to subset; dropped
morx NOT subset; don't know how to subset; dropped
meta NOT subset; don't know how to subset; dropped
feat NOT subset; don't know how to subset; dropped
meta NOT subset; don't know how to subset; dropped
morx NOT subset; don't know how to subset; dropped
meta NOT subset; don't know how to subset; dropped
feat NOT subset; don't know how to subset; dropped
meta NOT subset; don't know how to subset; dropped
morx NOT subset; don't know how to subset; dropped
meta NOT subset; don't know how to subset; dropped
feat NOT subset; don't know how to subset; dropped
meta NOT subset; don't know how to subset; dropped
morx NOT subset; don't know how to subset; dropped
meta NOT subset; don't know how to subset; dropped
feat NOT subset; don't know how to subset; dropped
meta NOT subset; don't know how to subset; dropped
morx NOT subset; don't know how to subset; dropped
meta NOT subset; don't know how to subset; dropped
feat NOT subset; don't know how to subset; dropped
meta NOT subset; don't know how to subset; dropped
morx NOT subset; don't know how to subset; dropped
meta NOT subset; don't know how to subset; dropped
feat NOT subset; don't know how to subset; dropped
meta NOT subset; don't know how to subset; dropped
morx NOT subset; don't know how to subset; dropped
meta NOT subset; don't know how to subset; dropped
feat NOT subset; don't know how to subset; dropped
meta NOT subset; don't know how to subset; dropped
morx NOT subset; don't know how to subset; dropped
meta NOT subset; don't know how to subset; dropped
feat NOT subset; don't know how to subset; dropped
meta NOT subset; don't know how to subset; dropped
morx NOT subset; don't know how to subset; dropped
meta NOT subset; don't know how to subset; dropped
feat NOT subset; don't know how to subset; dropped
meta NOT subset; don't know how to subset; dropped
morx NOT subset; don't know how to subset; dropped
meta NOT subset; don't know how to subset; dropped
feat NOT subset; don't know how to subset; dropped
meta NOT subset; don't know how to subset; dropped
morx NOT subset; don't know how to subset; dropped
meta NOT subset; don't know how to subset; dropped
feat NOT subset; don't know how to subset; dropped
meta NOT subset; don't know how to subset; dropped
morx NOT subset; don't know how to subset; dropped
meta NOT subset; don't know how to subset; dropped
feat NOT subset; don't know how to subset; dropped
meta NOT subset; don't know how to subset; dropped
morx NOT subset; don't know how to subset; dropped
meta NOT subset; don't know how to subset; dropped
Warning: Detected layout profile: single_column (confidence 0.65, 1 column)
Warning: Page 3: translated body block still looks like English after retry
Warning: Page 33: translated body block still looks like English after retry
Warning: Page 178: translated body block still looks like English after retry
Warning: Page 67: restored 2 formula atom group(s) after prose redaction
Warning: Page 78: restored 1 formula atom group(s) after prose redaction
Warning: Page 90: restored 2 formula atom group(s) after prose redaction
Warning: Page 103: restored 1 formula atom group(s) after prose redaction
Warning: Kept source fonts intact to preserve figure and formula glyph mappings
Wrote: /Users/liyufeng/Desktop/research/awesome_rsi/papers/zh/2408.06292_AIScientist_zh.pdf
Pages: 186
Translated text blocks: 1134
Skipped text blocks: 1091
=== [22:47:29] QB done 2408.06292_AIScientist ===
=== [22:47:29] QB translating 2605.24539_DemoEvolve ===
Translating batch 1/1: 5 blocks, 2297 chars
Translated 5/5 text blocks
Translating batch 1/1: 4 blocks, 2024 chars
Translated 4/4 text blocks
Translating batch 1/1: 8 blocks, 1903 chars
Translated 8/8 text blocks
Translating batch 1/1: 4 blocks, 1884 chars
Translated 4/4 text blocks
Translating batch 1/1: 8 blocks, 2226 chars
Translated 8/8 text blocks
Translating batch 1/1: 6 blocks, 2450 chars
Translated 6/6 text blocks
Translating batch 1/1: 8 blocks, 1757 chars
Translated 8/8 text blocks
Translating batch 1/1: 8 blocks, 1255 chars
Translated 8/8 text blocks
Translating batch 1/1: 6 blocks, 2151 chars
Translated 6/6 text blocks
Translating batch 1/1: 8 blocks, 2427 chars
Translated 8/8 text blocks
Translating batch 1/1: 6 blocks, 2458 chars
Translated 6/6 text blocks
Translating batch 1/1: 8 blocks, 2445 chars
Translated 8/8 text blocks
Translating batch 1/1: 8 blocks, 2280 chars
Translated 8/8 text blocks
Translating batch 1/1: 5 blocks, 2333 chars
Translated 5/5 text blocks
Translating batch 1/1: 8 blocks, 2340 chars
Translated 8/8 text blocks
Translating batch 1/1: 8 blocks, 2386 chars
Translated 8/8 text blocks
Translating batch 1/1: 8 blocks, 2017 chars
Translated 8/8 text blocks
Translating batch 1/1: 8 blocks, 1046 chars
Translated 8/8 text blocks
Translating batch 1/1: 8 blocks, 1553 chars
Translated 8/8 text blocks
Translating batch 1/1: 8 blocks, 1886 chars
Translated 8/8 text blocks
Translating batch 1/1: 8 blocks, 1701 chars
Translated 8/8 text blocks
Translating batch 1/1: 8 blocks, 419 chars
Warning: supplier response could not be parsed for 8 inputs; retrying one by one
Translated 8/8 text blocks
Translating batch 1/1: 8 blocks, 1469 chars
Translated 8/8 text blocks
Translating batch 1/1: 7 blocks, 2442 chars
Translated 7/7 text blocks
Translating batch 1/1: 8 blocks, 1888 chars
Translated 8/8 text blocks
Translating batch 1/1: 1 blocks, 306 chars
Translated 1/1 text blocks
Translating batch 1/1: 4 blocks, 89 chars
Translated 4/4 text blocks
Translating batch 1/1: 1 blocks, 4 chars
Translated 1/1 text blocks
feat NOT subset; don't know how to subset; dropped
meta NOT subset; don't know how to subset; dropped
morx NOT subset; don't know how to subset; dropped
meta NOT subset; don't know how to subset; dropped
Warning: Detected layout profile: single_column (confidence 0.65, 1 column)
Warning: Page 15: translated body block still looks like English after retry
Warning: Page 15: translated body block still looks like English after retry
Warning: Kept source fonts intact to preserve figure and formula glyph mappings
Wrote: /Users/liyufeng/Desktop/research/awesome_rsi/papers/zh/2605.24539_DemoEvolve_zh.pdf
Pages: 19
Translated text blocks: 147
Skipped text blocks: 261
=== [22:51:53] QB done 2605.24539_DemoEvolve ===
=== [22:51:53] QB translating 2605.26340_ScientistOne ===
Translating batch 1/1: 3 blocks, 2054 chars
Translated 3/3 text blocks
Translating batch 1/1: 4 blocks, 2081 chars
Translated 4/4 text blocks
Translating batch 1/1: 8 blocks, 2229 chars
Translated 8/8 text blocks
Translating batch 1/1: 6 blocks, 1125 chars
Translated 6/6 text blocks
Translating batch 1/1: 2 blocks, 2013 chars
Translated 2/2 text blocks
Translating batch 1/1: 7 blocks, 2495 chars
Translated 7/7 text blocks
Translating batch 1/1: 4 blocks, 2450 chars
Translated 4/4 text blocks
Translating batch 1/1: 8 blocks, 2394 chars
Translated 8/8 text blocks
Translating batch 1/1: 5 blocks, 2167 chars
Translated 5/5 text blocks
Translating batch 1/1: 8 blocks, 2286 chars
Translated 8/8 text blocks
Translating batch 1/1: 7 blocks, 2185 chars
Translated 7/7 text blocks
Translating batch 1/1: 8 blocks, 1238 chars
Translated 8/8 text blocks
Translating batch 1/1: 6 blocks, 2050 chars
Warning: supplier response could not be parsed for 6 inputs; retrying one by one
Translated 6/6 text blocks
Translating batch 1/1: 2 blocks, 751 chars
Translated 2/2 text blocks
Translating batch 1/1: 2 blocks, 2325 chars
Translated 2/2 text blocks
Translating batch 1/1: 2 blocks, 1145 chars
Translated 2/2 text blocks
Translating batch 1/1: 2 blocks, 1466 chars
Translated 2/2 text blocks
Translating batch 1/1: 4 blocks, 2416 chars
Translated 4/4 text blocks
Translating batch 1/1: 8 blocks, 1556 chars
Warning: supplier returned 7 translations for 8 inputs; retrying one by one
Warning: single-item JSON translation failed (Could not find translations in supplier response); using plain-text fallback
Translated 8/8 text blocks
Translating batch 1/1: 5 blocks, 2005 chars
Translated 5/5 text blocks
Translating batch 1/1: 5 blocks, 2161 chars
Translated 5/5 text blocks
Translating batch 1/1: 5 blocks, 2467 chars
Translated 5/5 text blocks
Translating batch 1/1: 5 blocks, 2314 chars
Warning: supplier returned 4 translations for 5 inputs; retrying one by one
Translated 5/5 text blocks
Translating batch 1/1: 8 blocks, 2229 chars
Translated 8/8 text blocks
Translating batch 1/1: 8 blocks, 2475 chars
Translated 8/8 text blocks
Translating batch 1/1: 6 blocks, 1843 chars
Translated 6/6 text blocks
Translating batch 1/1: 8 blocks, 2332 chars
Translated 8/8 text blocks
Translating batch 1/1: 8 blocks, 2294 chars
Translated 8/8 text blocks
Translating batch 1/1: 8 blocks, 1515 chars
Translated 8/8 text blocks
Translating batch 1/1: 8 blocks, 1788 chars
Translated 8/8 text blocks
Translating batch 1/1: 8 blocks, 1694 chars
Translated 8/8 text blocks
Translating batch 1/1: 8 blocks, 2183 chars
Translated 8/8 text blocks
Translating batch 1/1: 8 blocks, 1984 chars
Translated 8/8 text blocks
Translating batch 1/1: 8 blocks, 1570 chars
Translated 8/8 text blocks
Translating batch 1/1: 8 blocks, 1726 chars
Translated 8/8 text blocks
Translating batch 1/1: 8 blocks, 2406 chars
Translated 8/8 text blocks
Translating batch 1/1: 8 blocks, 1910 chars
Translated 8/8 text blocks
Translating batch 1/1: 8 blocks, 2210 chars
Translated 8/8 text blocks
Translating batch 1/1: 8 blocks, 836 chars
Translated 8/8 text blocks
Translating batch 1/1: 8 blocks, 579 chars
Translated 8/8 text blocks
Translating batch 1/1: 8 blocks, 660 chars
Translated 8/8 text blocks
Translating batch 1/1: 8 blocks, 799 chars
Warning: supplier response could not be parsed for 8 inputs; retrying one by one
Translated 8/8 text blocks
Translating batch 1/1: 8 blocks, 605 chars
Translated 8/8 text blocks
Translating batch 1/1: 8 blocks, 567 chars
Translated 8/8 text blocks
Translating batch 1/1: 8 blocks, 635 chars
Translated 8/8 text blocks
Translating batch 1/1: 8 blocks, 432 chars
Translated 8/8 text blocks
Translating batch 1/1: 8 blocks, 366 chars
Translated 8/8 text blocks
Translating batch 1/1: 8 blocks, 352 chars
Translated 8/8 text blocks
Translating batch 1/1: 8 blocks, 578 chars
Translated 8/8 text blocks
Translating batch 1/1: 8 blocks, 408 chars
Translated 8/8 text blocks
Translating batch 1/1: 8 blocks, 557 chars
Translated 8/8 text blocks
Translating batch 1/1: 8 blocks, 493 chars
Translated 8/8 text blocks
Translating batch 1/1: 8 blocks, 641 chars
Translated 8/8 text blocks
Translating batch 1/1: 8 blocks, 639 chars
Translated 8/8 text blocks
Translating batch 1/1: 7 blocks, 1826 chars
Translated 7/7 text blocks
Translating batch 1/1: 5 blocks, 2402 chars
Translated 5/5 text blocks
Translating batch 1/1: 8 blocks, 2260 chars
Translated 8/8 text blocks
Translating batch 1/1: 5 blocks, 2225 chars
Translated 5/5 text blocks
Translating batch 1/1: 3 blocks, 2142 chars
Translated 3/3 text blocks
Translating batch 1/1: 7 blocks, 2471 chars
Translated 7/7 text blocks
Translating batch 1/1: 6 blocks, 1679 chars
Translated 6/6 text blocks
feat NOT subset; don't know how to subset; dropped
meta NOT subset; don't know how to subset; dropped
morx NOT subset; don't know how to subset; dropped
meta NOT subset; don't know how to subset; dropped
feat NOT subset; don't know how to subset; dropped
meta NOT subset; don't know how to subset; dropped
morx NOT subset; don't know how to subset; dropped
meta NOT subset; don't know how to subset; dropped
feat NOT subset; don't know how to subset; dropped
meta NOT subset; don't know how to subset; dropped
morx NOT subset; don't know how to subset; dropped
meta NOT subset; don't know how to subset; dropped
Warning: Detected layout profile: single_column (confidence 0.65, 1 column)
Warning: Page 28: translated body block still looks like English after retry
Warning: Page 29: translated body block still looks like English after retry
Warning: Kept source fonts intact to preserve figure and formula glyph mappings
Wrote: /Users/liyufeng/Desktop/research/awesome_rsi/papers/zh/2605.26340_ScientistOne_zh.pdf
Pages: 35
Translated text blocks: 303
Skipped text blocks: 308
=== [23:00:37] QB done 2605.26340_ScientistOne ===
=== [23:00:37] QB translating 2605.27276_SIA ===
Translating batch 1/1: 8 blocks, 1542 chars
Warning: supplier response could not be parsed for 8 inputs; retrying one by one
Translated 8/8 text blocks
Translating batch 1/1: 8 blocks, 1489 chars
Translated 8/8 text blocks
Translating batch 1/1: 8 blocks, 1416 chars
Translated 8/8 text blocks
Translating batch 1/1: 8 blocks, 1682 chars
Translated 8/8 text blocks
Translating batch 1/1: 8 blocks, 591 chars
Translated 8/8 text blocks
Translating batch 1/1: 8 blocks, 772 chars
Translated 8/8 text blocks
Translating batch 1/1: 8 blocks, 893 chars
Translated 8/8 text blocks
Translating batch 1/1: 8 blocks, 477 chars
Translated 8/8 text blocks
Translating batch 1/1: 8 blocks, 1328 chars
Translated 8/8 text blocks
Translating batch 1/1: 8 blocks, 701 chars
Translated 8/8 text blocks
Translating batch 1/1: 8 blocks, 1519 chars
Translated 8/8 text blocks
Translating batch 1/1: 8 blocks, 1899 chars
Translated 8/8 text blocks
Translating batch 1/1: 8 blocks, 1891 chars
Translated 8/8 text blocks
Translating batch 1/1: 8 blocks, 1267 chars
Translated 8/8 text blocks
Translating batch 1/1: 6 blocks, 2487 chars
Translated 6/6 text blocks
Translating batch 1/1: 4 blocks, 2204 chars
Translated 4/4 text blocks
Translating batch 1/1: 7 blocks, 2438 chars
Translated 7/7 text blocks
Translating batch 1/1: 7 blocks, 2313 chars
Translated 7/7 text blocks
Translating batch 1/1: 8 blocks, 2010 chars
Translated 8/8 text blocks
Translating batch 1/1: 7 blocks, 2138 chars
Translated 7/7 text blocks
Translating batch 1/1: 4 blocks, 1289 chars
Translated 4/4 text blocks
feat NOT subset; don't know how to subset; dropped
meta NOT subset; don't know how to subset; dropped
morx NOT subset; don't know how to subset; dropped
meta NOT subset; don't know how to subset; dropped
feat NOT subset; don't know how to subset; dropped
meta NOT subset; don't know how to subset; dropped
morx NOT subset; don't know how to subset; dropped
meta NOT subset; don't know how to subset; dropped
Warning: Detected layout profile: generic_two_column (confidence 0.72, 2 columns)
Warning: Kept source fonts intact to preserve figure and formula glyph mappings
Wrote: /Users/liyufeng/Desktop/research/awesome_rsi/papers/zh/2605.27276_SIA_zh.pdf
Pages: 15
Translated text blocks: 144
Skipped text blocks: 178
=== [23:03:53] QB done 2605.27276_SIA ===
=== [23:03:53] QB translating 2606.01770_AdaptiveAutoHarness ===
Translating batch 1/1: 6 blocks, 2367 chars
Translated 6/6 text blocks
Translating batch 1/1: 5 blocks, 2126 chars
Translated 5/5 text blocks
Translating batch 1/1: 8 blocks, 1970 chars
Translated 8/8 text blocks
Translating batch 1/1: 8 blocks, 2121 chars
Warning: supplier returned 7 translations for 8 inputs; retrying one by one
Translated 8/8 text blocks
Translating batch 1/1: 8 blocks, 1400 chars
Translated 8/8 text blocks
Translating batch 1/1: 8 blocks, 1464 chars
Translated 8/8 text blocks
Translating batch 1/1: 8 blocks, 1771 chars
Translated 8/8 text blocks
Translating batch 1/1: 7 blocks, 1225 chars
Translated 7/7 text blocks
Translating batch 1/1: 8 blocks, 2493 chars
Translated 8/8 text blocks
Translating batch 1/1: 8 blocks, 1119 chars
Translated 8/8 text blocks
Translating batch 1/1: 8 blocks, 1197 chars
Translated 8/8 text blocks
Translating batch 1/1: 8 blocks, 2255 chars
Translated 8/8 text blocks
Translating batch 1/1: 6 blocks, 2482 chars
Warning: supplier returned 5 translations for 6 inputs; retrying one by one
Translated 6/6 text blocks
Translating batch 1/1: 8 blocks, 1178 chars
Translated 8/8 text blocks
Translating batch 1/1: 8 blocks, 1509 chars
Translated 8/8 text blocks
Translating batch 1/1: 8 blocks, 2001 chars
Warning: supplier returned 7 translations for 8 inputs; retrying one by one
Translated 8/8 text blocks
Translating batch 1/1: 8 blocks, 1056 chars
Translated 8/8 text blocks
Translating batch 1/1: 8 blocks, 952 chars
Translated 8/8 text blocks
Translating batch 1/1: 8 blocks, 1633 chars
Translated 8/8 text blocks
Translating batch 1/1: 8 blocks, 1711 chars
Translated 8/8 text blocks
Translating batch 1/1: 8 blocks, 2474 chars
Translated 8/8 text blocks
Translating batch 1/1: 8 blocks, 1056 chars
Translated 8/8 text blocks
Translating batch 1/1: 8 blocks, 1686 chars
Translated 8/8 text blocks
Translating batch 1/1: 7 blocks, 2386 chars
Translated 7/7 text blocks
Translating batch 1/1: 8 blocks, 1858 chars
Translated 8/8 text blocks
Translating batch 1/1: 7 blocks, 2059 chars
Translated 7/7 text blocks
Translating batch 1/1: 8 blocks, 2273 chars
Translated 8/8 text blocks
Translating batch 1/1: 8 blocks, 1038 chars
Translated 8/8 text blocks
Translating batch 1/1: 7 blocks, 2281 chars
Translated 7/7 text blocks
Translating batch 1/1: 8 blocks, 1989 chars
Translated 8/8 text blocks
Translating batch 1/1: 8 blocks, 928 chars
Translated 8/8 text blocks
Translating batch 1/1: 1 blocks, 301 chars
Warning: single-item JSON translation failed (Could not find translations in supplier response); using plain-text fallback
Translated 1/1 text blocks
feat NOT subset; don't know how to subset; dropped
meta NOT subset; don't know how to subset; dropped
morx NOT subset; don't know how to subset; dropped
meta NOT subset; don't know how to subset; dropped
feat NOT subset; don't know how to subset; dropped
meta NOT subset; don't know how to subset; dropped
morx NOT subset; don't know how to subset; dropped
meta NOT subset; don't know how to subset; dropped
Warning: Detected layout profile: unknown (confidence 0.35, 2 columns)
Warning: Page 20: translated body block still looks like English after retry
Warning: Kept 2 block(s) in their source typesetting: translation repeated the source
Warning: Kept source fonts intact to preserve figure and formula glyph mappings
Wrote: /Users/liyufeng/Desktop/research/awesome_rsi/papers/zh/2606.01770_AdaptiveAutoHarness_zh.pdf
Pages: 23
Translated text blocks: 203
Skipped text blocks: 1118
=== [23:09:15] QB done 2606.01770_AdaptiveAutoHarness ===
=== [23:09:15] QB translating 2606.25996_Autodata ===
Translating batch 1/1: 6 blocks, 2152 chars
Translated 6/6 text blocks
Translating batch 1/1: 3 blocks, 2465 chars
Translated 3/3 text blocks
Translating batch 1/1: 8 blocks, 1727 chars
Translated 8/8 text blocks
Translating batch 1/1: 8 blocks, 1734 chars
Translated 8/8 text blocks
Translating batch 1/1: 8 blocks, 1948 chars
Translated 8/8 text blocks
Translating batch 1/1: 5 blocks, 1874 chars
Translated 5/5 text blocks
Translating batch 1/1: 7 blocks, 2384 chars
Translated 7/7 text blocks
Translating batch 1/1: 5 blocks, 2484 chars
Translated 5/5 text blocks
Translating batch 1/1: 6 blocks, 2312 chars
Translated 6/6 text blocks
Translating batch 1/1: 3 blocks, 1900 chars
Translated 3/3 text blocks
Translating batch 1/1: 6 blocks, 2137 chars
Translated 6/6 text blocks
Translating batch 1/1: 6 blocks, 2314 chars
Translated 6/6 text blocks
Translating batch 1/1: 6 blocks, 2295 chars
Translated 6/6 text blocks
Translating batch 1/1: 6 blocks, 2446 chars
Translated 6/6 text blocks
Translating batch 1/1: 5 blocks, 2253 chars
Translated 5/5 text blocks
Translating batch 1/1: 4 blocks, 1977 chars
Translated 4/4 text blocks
Translating batch 1/1: 5 blocks, 2490 chars
Translated 5/5 text blocks
Translating batch 1/1: 8 blocks, 1368 chars
Translated 8/8 text blocks
Translating batch 1/1: 3 blocks, 1616 chars
Translated 3/3 text blocks
Translating batch 1/1: 1 blocks, 1183 chars
Translated 1/1 text blocks
Translating batch 1/1: 1 blocks, 1873 chars
Translated 1/1 text blocks
Translating batch 1/1: 3 blocks, 2307 chars
Warning: supplier returned 2 translations for 3 inputs; retrying one by one
Translated 3/3 text blocks
Translating batch 1/1: 3 blocks, 1698 chars
Translated 3/3 text blocks
Translating batch 1/1: 3 blocks, 2015 chars
Translated 3/3 text blocks
Translating batch 1/1: 6 blocks, 1958 chars
Translated 6/6 text blocks
Translating batch 1/1: 8 blocks, 1405 chars
Translated 8/8 text blocks
Translating batch 1/1: 8 blocks, 1812 chars
Translated 8/8 text blocks
Translating batch 1/1: 8 blocks, 594 chars
Translated 8/8 text blocks
Translating batch 1/1: 8 blocks, 600 chars
Translated 8/8 text blocks
Translating batch 1/1: 8 blocks, 489 chars
Translated 8/8 text blocks
Translating batch 1/1: 8 blocks, 516 chars
Translated 8/8 text blocks
Translating batch 1/1: 8 blocks, 1166 chars
Translated 8/8 text blocks
Translating batch 1/1: 8 blocks, 1667 chars
Translated 8/8 text blocks
Translating batch 1/1: 7 blocks, 359 chars
Translated 7/7 text blocks
feat NOT subset; don't know how to subset; dropped
meta NOT subset; don't know how to subset; dropped
morx NOT subset; don't know how to subset; dropped
meta NOT subset; don't know how to subset; dropped
feat NOT subset; don't know how to subset; dropped
meta NOT subset; don't know how to subset; dropped
morx NOT subset; don't know how to subset; dropped
meta NOT subset; don't know how to subset; dropped
feat NOT subset; don't know how to subset; dropped
meta NOT subset; don't know how to subset; dropped
morx NOT subset; don't know how to subset; dropped
meta NOT subset; don't know how to subset; dropped
Warning: Detected layout profile: single_column (confidence 0.65, 1 column)
Warning: Kept source fonts intact to preserve figure and formula glyph mappings
Wrote: /Users/liyufeng/Desktop/research/awesome_rsi/papers/zh/2606.25996_Autodata_zh.pdf
Pages: 28
Translated text blocks: 168
Skipped text blocks: 523
=== [23:14:18] QB done 2606.25996_Autodata ===
=== [23:14:18] QB translating 2602.08234_SkillRL ===
Translating batch 1/1: 6 blocks, 2306 chars
Translated 6/6 text blocks
Translating batch 1/1: 5 blocks, 2012 chars
Translated 5/5 text blocks
Translating batch 1/1: 5 blocks, 2160 chars
Translated 5/5 text blocks
Translating batch 1/1: 8 blocks, 2144 chars
Translated 8/8 text blocks
Translating batch 1/1: 8 blocks, 1466 chars
Translated 8/8 text blocks
Translating batch 1/1: 1 blocks, 56 chars
Translated 1/1 text blocks
Translating batch 1/1: 1 blocks, 382 chars
Translated 1/1 text blocks
Translating batch 1/1: 8 blocks, 1812 chars
Translated 8/8 text blocks
Translating batch 1/1: 8 blocks, 1427 chars
Translated 8/8 text blocks
Translating batch 1/1: 8 blocks, 1823 chars
Translated 8/8 text blocks
Translating batch 1/1: 8 blocks, 1479 chars
Translated 8/8 text blocks
Translating batch 1/1: 8 blocks, 2484 chars
Translated 8/8 text blocks
Translating batch 1/1: 5 blocks, 2096 chars
Translated 5/5 text blocks
Translating batch 1/1: 8 blocks, 1882 chars
Translated 8/8 text blocks
Translating batch 1/1: 8 blocks, 1601 chars
Translated 8/8 text blocks
Translating batch 1/1: 8 blocks, 1723 chars
Translated 8/8 text blocks
Translating batch 1/1: 6 blocks, 2125 chars
Translated 6/6 text blocks
Translating batch 1/1: 5 blocks, 2294 chars
Translated 5/5 text blocks
Translating batch 1/1: 8 blocks, 1582 chars
Translated 8/8 text blocks
Translating batch 1/1: 8 blocks, 866 chars
Translated 8/8 text blocks
Translating batch 1/1: 8 blocks, 1947 chars
Translated 8/8 text blocks
Translating batch 1/1: 8 blocks, 738 chars
Translated 8/8 text blocks
Translating batch 1/1: 8 blocks, 1186 chars
Translated 8/8 text blocks
Translating batch 1/1: 8 blocks, 784 chars
Translated 8/8 text blocks
Translating batch 1/1: 8 blocks, 349 chars
Translated 8/8 text blocks
Translating batch 1/1: 8 blocks, 1218 chars
Translated 8/8 text blocks
Translating batch 1/1: 8 blocks, 574 chars
Translated 8/8 text blocks
Translating batch 1/1: 8 blocks, 596 chars
Translated 8/8 text blocks
Translating batch 1/1: 8 blocks, 719 chars
Translated 8/8 text blocks
Translating batch 1/1: 6 blocks, 940 chars
Translated 6/6 text blocks
Translating batch 1/1: 8 blocks, 698 chars
Warning: supplier response could not be parsed for 8 inputs; retrying one by one
Translated 8/8 text blocks
Translating batch 1/1: 8 blocks, 1131 chars
Translated 8/8 text blocks
Translating batch 1/1: 4 blocks, 668 chars
Translated 4/4 text blocks
Translating batch 1/1: 4 blocks, 28 chars
Translated 4/4 text blocks
Translating batch 1/1: 2 blocks, 14 chars
Translated 2/2 text blocks
Translating batch 1/1: 5 blocks, 35 chars
Translated 5/5 text blocks
Translating batch 1/1: 1 blocks, 7 chars
Translated 1/1 text blocks
Translating batch 1/1: 2 blocks, 14 chars
Translated 2/2 text blocks
Translating batch 1/1: 4 blocks, 28 chars
Translated 4/4 text blocks
Translating batch 1/1: 2 blocks, 14 chars
Translated 2/2 text blocks
Translating batch 1/1: 3 blocks, 21 chars
Translated 3/3 text blocks
Translating batch 1/1: 2 blocks, 14 chars
Translated 2/2 text blocks
Translating batch 1/1: 1 blocks, 7 chars
Translated 1/1 text blocks
Translating batch 1/1: 1 blocks, 7 chars
Translated 1/1 text blocks
Translating batch 1/1: 2 blocks, 14 chars
Translated 2/2 text blocks
Translating batch 1/1: 5 blocks, 35 chars
Translated 5/5 text blocks
Translating batch 1/1: 1 blocks, 7 chars
Translated 1/1 text blocks
Translating batch 1/1: 2 blocks, 14 chars
Translated 2/2 text blocks
Translating batch 1/1: 2 blocks, 14 chars
Translated 2/2 text blocks
Translating batch 1/1: 2 blocks, 14 chars
Translated 2/2 text blocks
feat NOT subset; don't know how to subset; dropped
meta NOT subset; don't know how to subset; dropped
morx NOT subset; don't know how to subset; dropped
meta NOT subset; don't know how to subset; dropped
feat NOT subset; don't know how to subset; dropped
meta NOT subset; don't know how to subset; dropped
morx NOT subset; don't know how to subset; dropped
meta NOT subset; don't know how to subset; dropped
Warning: Detected layout profile: generic_two_column (confidence 0.72, 2 columns)
Warning: Page 17: translated body block still looks like English after retry
Warning: Page 17: translated body block still looks like English after retry
Warning: Page 18: translated body block still looks like English after retry
Warning: Page 18: translated body block still looks like English after retry
Warning: Page 18: translated body block still looks like English after retry
Warning: Page 18: translated body block still looks like English after retry
Warning: Page 18: translated body block still looks like English after retry
Warning: Page 18: translated body block still looks like English after retry
Warning: Page 18: translated body block still looks like English after retry
Warning: Page 18: translated body block still looks like English after retry
Warning: Page 18: translated body block still looks like English after retry
Warning: Kept 1 block(s) in their source typesetting: translation repeated the source
Warning: Kept source fonts intact to preserve figure and formula glyph mappings
Wrote: /Users/liyufeng/Desktop/research/awesome_rsi/papers/zh/2602.08234_SkillRL_zh.pdf
Pages: 18
Translated text blocks: 199
Skipped text blocks: 488
=== [23:19:04] QB done 2602.08234_SkillRL ===
=== [23:19:04] QB translating 2605.10663_EvolvingRL ===
Translating batch 1/1: 6 blocks, 2185 chars
Translated 6/6 text blocks
Translating batch 1/1: 5 blocks, 2007 chars
Translated 5/5 text blocks
Translating batch 1/1: 3 blocks, 2493 chars
Translated 3/3 text blocks
Translating batch 1/1: 4 blocks, 2486 chars
Translated 4/4 text blocks
Translating batch 1/1: 8 blocks, 2394 chars
Translated 8/8 text blocks
Translating batch 1/1: 8 blocks, 2064 chars
Translated 8/8 text blocks
Translating batch 1/1: 8 blocks, 1769 chars
Translated 8/8 text blocks
Translating batch 1/1: 7 blocks, 1822 chars
Translated 7/7 text blocks
Translating batch 1/1: 8 blocks, 1781 chars
Translated 8/8 text blocks
Translating batch 1/1: 8 blocks, 2214 chars
Translated 8/8 text blocks
Translating batch 1/1: 7 blocks, 2449 chars
Translated 7/7 text blocks
Translating batch 1/1: 6 blocks, 2218 chars
Translated 6/6 text blocks
Translating batch 1/1: 5 blocks, 2055 chars
Translated 5/5 text blocks
Translating batch 1/1: 5 blocks, 1629 chars
Translated 5/5 text blocks
Translating batch 1/1: 8 blocks, 2223 chars
Translated 8/8 text blocks
Translating batch 1/1: 8 blocks, 1164 chars
Translated 8/8 text blocks
Translating batch 1/1: 8 blocks, 1043 chars
Translated 8/8 text blocks
Translating batch 1/1: 5 blocks, 2466 chars
Translated 5/5 text blocks
Translating batch 1/1: 8 blocks, 2348 chars
Translated 8/8 text blocks
Translating batch 1/1: 7 blocks, 2417 chars
Translated 7/7 text blocks
Translating batch 1/1: 8 blocks, 2068 chars
Translated 8/8 text blocks
Translating batch 1/1: 1 blocks, 482 chars
Translated 1/1 text blocks
Translating batch 1/1: 1 blocks, 124 chars
Translated 1/1 text blocks
Translating batch 1/1: 1 blocks, 48 chars
Translated 1/1 text blocks
feat NOT subset; don't know how to subset; dropped
meta NOT subset; don't know how to subset; dropped
morx NOT subset; don't know how to subset; dropped
meta NOT subset; don't know how to subset; dropped
Warning: Detected layout profile: single_column (confidence 0.65, 1 column)
Warning: Kept 1 block(s) in their source typesetting: translation repeated the source
Warning: Page 15: translated text did not fully fit in bbox (125.1, 207.6, 504.0, 217.3)
Warning: Kept source fonts intact to preserve figure and formula glyph mappings
Wrote: /Users/liyufeng/Desktop/research/awesome_rsi/papers/zh/2605.10663_EvolvingRL_zh.pdf
Pages: 17
Translated text blocks: 128
Skipped text blocks: 534
=== [23:22:16] QB done 2605.10663_EvolvingRL ===
=== [23:22:16] QB translating 2512.23760_ASG-SI ===
Translating batch 1/1: 3 blocks, 1809 chars
Translated 3/3 text blocks
Translating batch 1/1: 5 blocks, 2354 chars
Translated 5/5 text blocks
Translating batch 1/1: 3 blocks, 1891 chars
Translated 3/3 text blocks
Translating batch 1/1: 2 blocks, 1939 chars
Translated 2/2 text blocks
Translating batch 1/1: 1 blocks, 2178 chars
Translated 1/1 text blocks
Translating batch 1/1: 4 blocks, 2423 chars
Translated 4/4 text blocks
Translating batch 1/1: 5 blocks, 2497 chars
Translated 5/5 text blocks
Translating batch 1/1: 4 blocks, 1412 chars
Translated 4/4 text blocks
Translating batch 1/1: 2 blocks, 1401 chars
Translated 2/2 text blocks
Translating batch 1/1: 4 blocks, 1547 chars
Translated 4/4 text blocks
Translating batch 1/1: 5 blocks, 2404 chars
Translated 5/5 text blocks
Translating batch 1/1: 1 blocks, 3487 chars
Translated 1/1 text blocks
Translating batch 1/1: 4 blocks, 2183 chars
Translated 4/4 text blocks
Translating batch 1/1: 4 blocks, 1796 chars
Translated 4/4 text blocks
feat NOT subset; don't know how to subset; dropped
meta NOT subset; don't know how to subset; dropped
morx NOT subset; don't know how to subset; dropped
meta NOT subset; don't know how to subset; dropped
Warning: Detected layout profile: generic_two_column (confidence 0.72, 2 columns)
Warning: Kept source fonts intact to preserve figure and formula glyph mappings
Wrote: /Users/liyufeng/Desktop/research/awesome_rsi/papers/zh/2512.23760_ASG-SI_zh.pdf
Pages: 11
Translated text blocks: 47
Skipped text blocks: 55
=== [23:24:17] QB done 2512.23760_ASG-SI ===
=== [23:24:17] QB translating 2602.01750_ARA ===
Translating batch 1/1: 5 blocks, 1869 chars
Translated 5/5 text blocks
Translating batch 1/1: 3 blocks, 2491 chars
Translated 3/3 text blocks
Translating batch 1/1: 4 blocks, 547 chars
Translated 4/4 text blocks
Translating batch 1/1: 1 blocks, 1988 chars
Translated 1/1 text blocks
Translating batch 1/1: 7 blocks, 1907 chars
Translated 7/7 text blocks
Translating batch 1/1: 3 blocks, 1261 chars
Translated 3/3 text blocks
Translating batch 1/1: 7 blocks, 2205 chars
Translated 7/7 text blocks
Translating batch 1/1: 5 blocks, 1994 chars
Translated 5/5 text blocks
Translating batch 1/1: 8 blocks, 2330 chars
Translated 8/8 text blocks
Translating batch 1/1: 8 blocks, 2314 chars
Translated 8/8 text blocks
Translating batch 1/1: 8 blocks, 1523 chars
Warning: supplier returned 7 translations for 8 inputs; retrying one by one
Warning: single-item JSON translation failed (Could not find translations in supplier response); using plain-text fallback
Translated 8/8 text blocks
Translating batch 1/1: 8 blocks, 1061 chars
Translated 8/8 text blocks
Translating batch 1/1: 8 blocks, 860 chars
Translated 8/8 text blocks
Translating batch 1/1: 4 blocks, 2308 chars
Translated 4/4 text blocks
Translating batch 1/1: 8 blocks, 1888 chars
Translated 8/8 text blocks
Translating batch 1/1: 8 blocks, 2194 chars
Translated 8/8 text blocks
Translating batch 1/1: 6 blocks, 1516 chars
Translated 6/6 text blocks
Translating batch 1/1: 5 blocks, 2439 chars
Translated 5/5 text blocks
Translating batch 1/1: 8 blocks, 1972 chars
Translated 8/8 text blocks
Translating batch 1/1: 8 blocks, 1441 chars
Translated 8/8 text blocks
Translating batch 1/1: 1 blocks, 394 chars
Translated 1/1 text blocks
feat NOT subset; don't know how to subset; dropped
meta NOT subset; don't know how to subset; dropped
morx NOT subset; don't know how to subset; dropped
meta NOT subset; don't know how to subset; dropped
Warning: Detected layout profile: generic_two_column (confidence 0.72, 2 columns)
Warning: Kept source fonts intact to preserve figure and formula glyph mappings
Wrote: /Users/liyufeng/Desktop/research/awesome_rsi/papers/zh/2602.01750_ARA_zh.pdf
Pages: 12
Translated text blocks: 125
Skipped text blocks: 194
=== [23:27:30] QB done 2602.01750_ARA ===
=== [23:27:30] QB translating 2601.03315_WhyLLMsArentScientistsYet ===
Translating batch 1/1: 8 blocks, 1822 chars
Translated 8/8 text blocks
Translating batch 1/1: 8 blocks, 1308 chars
Translated 8/8 text blocks
Translating batch 1/1: 8 blocks, 1357 chars
Translated 8/8 text blocks
Translating batch 1/1: 8 blocks, 1392 chars
Translated 8/8 text blocks
Translating batch 1/1: 8 blocks, 1569 chars
Translated 8/8 text blocks
Translating batch 1/1: 8 blocks, 1630 chars
Translated 8/8 text blocks
Translating batch 1/1: 8 blocks, 1416 chars
Translated 8/8 text blocks
Translating batch 1/1: 8 blocks, 1499 chars
Translated 8/8 text blocks
Translating batch 1/1: 8 blocks, 2046 chars
Warning: supplier returned 7 translations for 8 inputs; retrying one by one
Translated 8/8 text blocks
Translating batch 1/1: 5 blocks, 2244 chars
Translated 5/5 text blocks
Translating batch 1/1: 8 blocks, 2075 chars
Translated 8/8 text blocks
Translating batch 1/1: 8 blocks, 2439 chars
Warning: supplier returned 7 translations for 8 inputs; retrying one by one
Warning: single-item JSON translation failed (Could not find translations in supplier response); using plain-text fallback
Translated 8/8 text blocks
Translating batch 1/1: 7 blocks, 2325 chars
Translated 7/7 text blocks
Translating batch 1/1: 8 blocks, 2444 chars
Translated 8/8 text blocks
Translating batch 1/1: 8 blocks, 2258 chars
Translated 8/8 text blocks
Translating batch 1/1: 7 blocks, 2121 chars
Translated 7/7 text blocks
Translating batch 1/1: 5 blocks, 2265 chars
Warning: supplier returned 4 translations for 5 inputs; retrying one by one
Translated 5/5 text blocks
Translating batch 1/1: 4 blocks, 2206 chars
Translated 4/4 text blocks
Translating batch 1/1: 6 blocks, 2126 chars
Translated 6/6 text blocks
Translating batch 1/1: 5 blocks, 2405 chars
Translated 5/5 text blocks
Translating batch 1/1: 8 blocks, 1908 chars
Translated 8/8 text blocks
Translating batch 1/1: 8 blocks, 1489 chars
Translated 8/8 text blocks
Translating batch 1/1: 8 blocks, 1559 chars
Translated 8/8 text blocks
Translating batch 1/1: 8 blocks, 1856 chars
Translated 8/8 text blocks
Translating batch 1/1: 8 blocks, 1751 chars
Translated 8/8 text blocks
Translating batch 1/1: 8 blocks, 2010 chars
Translated 8/8 text blocks
Translating batch 1/1: 8 blocks, 1370 chars
Translated 8/8 text blocks
Translating batch 1/1: 6 blocks, 2465 chars
Translated 6/6 text blocks
Translating batch 1/1: 8 blocks, 1523 chars
Translated 8/8 text blocks
Translating batch 1/1: 6 blocks, 2131 chars
Translated 6/6 text blocks
Translating batch 1/1: 4 blocks, 1375 chars
Translated 4/4 text blocks
Translating batch 1/1: 2 blocks, 1012 chars
Translated 2/2 text blocks
Translating batch 1/1: 3 blocks, 57 chars
Translated 3/3 text blocks
feat NOT subset; don't know how to subset; dropped
meta NOT subset; don't know how to subset; dropped
morx NOT subset; don't know how to subset; dropped
meta NOT subset; don't know how to subset; dropped
feat NOT subset; don't know how to subset; dropped
meta NOT subset; don't know how to subset; dropped
morx NOT subset; don't know how to subset; dropped
meta NOT subset; don't know how to subset; dropped
feat NOT subset; don't know how to subset; dropped
meta NOT subset; don't know how to subset; dropped
morx NOT subset; don't know how to subset; dropped
meta NOT subset; don't know how to subset; dropped
Warning: Detected layout profile: single_column (confidence 0.65, 1 column)
Warning: Kept source fonts intact to preserve figure and formula glyph mappings
Wrote: /Users/liyufeng/Desktop/research/awesome_rsi/papers/zh/2601.03315_WhyLLMsArentScientistsYet_zh.pdf
Pages: 30
Translated text blocks: 207
Skipped text blocks: 248
=== [23:32:38] QB done 2601.03315_WhyLLMsArentScientistsYet ===
=== [23:32:38] QB translating 2503.14499_METR_LongTasks ===
Translating batch 1/1: 8 blocks, 275 chars
Translated 8/8 text blocks
Translating batch 1/1: 8 blocks, 1418 chars
Translated 8/8 text blocks
Translating batch 1/1: 2 blocks, 1648 chars
Translated 2/2 text blocks
Translating batch 1/1: 4 blocks, 2499 chars
Translated 4/4 text blocks
Translating batch 1/1: 8 blocks, 2399 chars
Translated 8/8 text blocks
Translating batch 1/1: 8 blocks, 2146 chars
Translated 8/8 text blocks
Translating batch 1/1: 8 blocks, 1155 chars
Translated 8/8 text blocks
Translating batch 1/1: 8 blocks, 2420 chars
Translated 8/8 text blocks
Translating batch 1/1: 8 blocks, 1700 chars
Translated 8/8 text blocks
Translating batch 1/1: 6 blocks, 2475 chars
Translated 6/6 text blocks
Translating batch 1/1: 7 blocks, 2045 chars
Translated 7/7 text blocks
Translating batch 1/1: 6 blocks, 2259 chars
Translated 6/6 text blocks
Translating batch 1/1: 6 blocks, 2051 chars
Translated 6/6 text blocks
Translating batch 1/1: 6 blocks, 2211 chars
Translated 6/6 text blocks
Translating batch 1/1: 8 blocks, 2442 chars
Translated 8/8 text blocks
Translating batch 1/1: 8 blocks, 1357 chars
Translated 8/8 text blocks
Translating batch 1/1: 4 blocks, 2121 chars
Translated 4/4 text blocks
Translating batch 1/1: 5 blocks, 2085 chars
Translated 5/5 text blocks
Translating batch 1/1: 8 blocks, 2276 chars
Translated 8/8 text blocks
Translating batch 1/1: 6 blocks, 2402 chars
Translated 6/6 text blocks
Translating batch 1/1: 8 blocks, 1726 chars
Translated 8/8 text blocks
Translating batch 1/1: 8 blocks, 704 chars
Translated 8/8 text blocks
Translating batch 1/1: 8 blocks, 1977 chars
Translated 8/8 text blocks
Translating batch 1/1: 8 blocks, 2069 chars
Translated 8/8 text blocks
Translating batch 1/1: 6 blocks, 1818 chars
Translated 6/6 text blocks
Translating batch 1/1: 7 blocks, 2288 chars
Translated 7/7 text blocks
Translating batch 1/1: 8 blocks, 2163 chars
Translated 8/8 text blocks
Translating batch 1/1: 8 blocks, 837 chars
Translated 8/8 text blocks
Translating batch 1/1: 8 blocks, 2027 chars
Translated 8/8 text blocks
Translating batch 1/1: 8 blocks, 2312 chars
Translated 8/8 text blocks
Translating batch 1/1: 8 blocks, 2295 chars
Translated 8/8 text blocks
Translating batch 1/1: 7 blocks, 2483 chars
Translated 7/7 text blocks
Translating batch 1/1: 8 blocks, 678 chars
Translated 8/8 text blocks
Translating batch 1/1: 8 blocks, 2185 chars
Translated 8/8 text blocks
Translating batch 1/1: 8 blocks, 1601 chars
Translated 8/8 text blocks
Translating batch 1/1: 8 blocks, 1630 chars
Translated 8/8 text blocks
Translating batch 1/1: 8 blocks, 1567 chars
Translated 8/8 text blocks
Translating batch 1/1: 8 blocks, 1921 chars
Translated 8/8 text blocks
Translating batch 1/1: 8 blocks, 2101 chars
Translated 8/8 text blocks
Translating batch 1/1: 8 blocks, 2065 chars
Translated 8/8 text blocks
Translating batch 1/1: 8 blocks, 2020 chars
Translated 8/8 text blocks
Translating batch 1/1: 8 blocks, 2397 chars
Translated 8/8 text blocks
Translating batch 1/1: 6 blocks, 1974 chars
Translated 6/6 text blocks
Translating batch 1/1: 8 blocks, 1984 chars
Translated 8/8 text blocks
Translating batch 1/1: 8 blocks, 1352 chars
Translated 8/8 text blocks
Translating batch 1/1: 8 blocks, 1776 chars
Translated 8/8 text blocks
Translating batch 1/1: 8 blocks, 2247 chars
Translated 8/8 text blocks
Translating batch 1/1: 8 blocks, 968 chars
Translated 8/8 text blocks
Translating batch 1/1: 8 blocks, 2079 chars
Translated 8/8 text blocks
Translating batch 1/1: 8 blocks, 1300 chars
Translated 8/8 text blocks
Translating batch 1/1: 5 blocks, 1812 chars
Translated 5/5 text blocks
Translating batch 1/1: 8 blocks, 2318 chars
Translated 8/8 text blocks
Translating batch 1/1: 8 blocks, 1992 chars
Warning: supplier returned 7 translations for 8 inputs; retrying one by one
Translated 8/8 text blocks
Translating batch 1/1: 8 blocks, 1362 chars
Translated 8/8 text blocks
Translating batch 1/1: 7 blocks, 2043 chars
Translated 7/7 text blocks
Translating batch 1/1: 2 blocks, 764 chars
Translated 2/2 text blocks
feat NOT subset; don't know how to subset; dropped
meta NOT subset; don't know how to subset; dropped
morx NOT subset; don't know how to subset; dropped
meta NOT subset; don't know how to subset; dropped
feat NOT subset; don't know how to subset; dropped
meta NOT subset; don't know how to subset; dropped
morx NOT subset; don't know how to subset; dropped
meta NOT subset; don't know how to subset; dropped
feat NOT subset; don't know how to subset; dropped
meta NOT subset; don't know how to subset; dropped
morx NOT subset; don't know how to subset; dropped
meta NOT subset; don't know how to subset; dropped
Warning: Detected layout profile: single_column (confidence 0.65, 1 column)
Warning: Page 4: translated body block still looks like English after retry
Warning: Kept 2 block(s) in their source typesetting: translation repeated the source
Warning: Page 1: translated text did not fully fit in bbox (124.7, 222.3, 484.9, 232.3)
Warning: Page 1: translated text did not fully fit in bbox (188.0, 233.4, 282.1, 244.6)
Warning: Kept source fonts intact to preserve figure and formula glyph mappings
Wrote: /Users/liyufeng/Desktop/research/awesome_rsi/papers/zh/2503.14499_METR_LongTasks_zh.pdf
Pages: 45
Translated text blocks: 357
Skipped text blocks: 413
=== [23:40:42] QB done 2503.14499_METR_LongTasks ===
=== [23:40:42] QB translating 2309.11690_ExplosiveGrowthReview ===
Translating batch 1/1: 8 blocks, 1678 chars
Translated 8/8 text blocks
Translating batch 1/1: 6 blocks, 1813 chars
Translated 6/6 text blocks
Translating batch 1/1: 3 blocks, 2237 chars
Translated 3/3 text blocks
Translating batch 1/1: 5 blocks, 2164 chars
Translated 5/5 text blocks
Translating batch 1/1: 5 blocks, 2383 chars
Translated 5/5 text blocks
Translating batch 1/1: 4 blocks, 2402 chars
Translated 4/4 text blocks
Translating batch 1/1: 5 blocks, 2059 chars
Translated 5/5 text blocks
Translating batch 1/1: 4 blocks, 2156 chars
Translated 4/4 text blocks
Translating batch 1/1: 8 blocks, 2300 chars
Translated 8/8 text blocks
Translating batch 1/1: 6 blocks, 2435 chars
Translated 6/6 text blocks
Translating batch 1/1: 4 blocks, 2336 chars
Translated 4/4 text blocks
Translating batch 1/1: 3 blocks, 1919 chars
Translated 3/3 text blocks
Translating batch 1/1: 5 blocks, 2493 chars
Translated 5/5 text blocks
Translating batch 1/1: 8 blocks, 2242 chars
Translated 8/8 text blocks
Translating batch 1/1: 5 blocks, 2111 chars
Translated 5/5 text blocks
Translating batch 1/1: 5 blocks, 1660 chars
Translated 5/5 text blocks
Translating batch 1/1: 3 blocks, 2201 chars
Translated 3/3 text blocks
Translating batch 1/1: 3 blocks, 1833 chars
Translated 3/3 text blocks
Translating batch 1/1: 4 blocks, 2264 chars
Translated 4/4 text blocks
Translating batch 1/1: 4 blocks, 2327 chars
Translated 4/4 text blocks
Translating batch 1/1: 5 blocks, 1936 chars
Translated 5/5 text blocks
Translating batch 1/1: 2 blocks, 1749 chars
Translated 2/2 text blocks
Translating batch 1/1: 3 blocks, 2335 chars
Translated 3/3 text blocks
Translating batch 1/1: 1 blocks, 1125 chars
Translated 1/1 text blocks
Translating batch 1/1: 6 blocks, 2456 chars
Translated 6/6 text blocks
Translating batch 1/1: 5 blocks, 2099 chars
Warning: supplier response could not be parsed for 5 inputs; retrying one by one
Translated 5/5 text blocks
Translating batch 1/1: 5 blocks, 1935 chars
Translated 5/5 text blocks
Translating batch 1/1: 4 blocks, 2054 chars
Translated 4/4 text blocks
Translating batch 1/1: 3 blocks, 1794 chars
Translated 3/3 text blocks
Translating batch 1/1: 4 blocks, 2249 chars
Translated 4/4 text blocks
Translating batch 1/1: 6 blocks, 1874 chars
Translated 6/6 text blocks
Translating batch 1/1: 3 blocks, 2193 chars
Translated 3/3 text blocks
Translating batch 1/1: 4 blocks, 2340 chars
Translated 4/4 text blocks
Translating batch 1/1: 6 blocks, 2179 chars
Warning: supplier returned 5 translations for 6 inputs; retrying one by one
Translated 6/6 text blocks
Translating batch 1/1: 8 blocks, 1911 chars
Translated 8/8 text blocks
Translating batch 1/1: 7 blocks, 2263 chars
Translated 7/7 text blocks
Translating batch 1/1: 5 blocks, 2432 chars
Translated 5/5 text blocks
Translating batch 1/1: 4 blocks, 2207 chars
Translated 4/4 text blocks
Translating batch 1/1: 5 blocks, 2299 chars
Translated 5/5 text blocks
Translating batch 1/1: 4 blocks, 2090 chars
Translated 4/4 text blocks
Translating batch 1/1: 6 blocks, 2357 chars
Translated 6/6 text blocks
Translating batch 1/1: 5 blocks, 2368 chars
Translated 5/5 text blocks
Translating batch 1/1: 8 blocks, 1941 chars
Translated 8/8 text blocks
Translating batch 1/1: 8 blocks, 1282 chars
Translated 8/8 text blocks
Translating batch 1/1: 8 blocks, 1545 chars
Translated 8/8 text blocks
Translating batch 1/1: 8 blocks, 1301 chars
Translated 8/8 text blocks
Translating batch 1/1: 8 blocks, 2189 chars
Translated 8/8 text blocks
Translating batch 1/1: 8 blocks, 1618 chars
Translated 8/8 text blocks
Translating batch 1/1: 8 blocks, 1822 chars
Translated 8/8 text blocks
Translating batch 1/1: 8 blocks, 1320 chars
Translated 8/8 text blocks
Translating batch 1/1: 6 blocks, 1764 chars
Translated 6/6 text blocks
Translating batch 1/1: 1 blocks, 272 chars
Warning: single-item JSON translation failed (Could not find translations in supplier response); using plain-text fallback
Translated 1/1 text blocks
feat NOT subset; don't know how to subset; dropped
meta NOT subset; don't know how to subset; dropped
morx NOT subset; don't know how to subset; dropped
meta NOT subset; don't know how to subset; dropped
feat NOT subset; don't know how to subset; dropped
meta NOT subset; don't know how to subset; dropped
morx NOT subset; don't know how to subset; dropped
meta NOT subset; don't know how to subset; dropped
feat NOT subset; don't know how to subset; dropped
meta NOT subset; don't know how to subset; dropped
morx NOT subset; don't know how to subset; dropped
meta NOT subset; don't know how to subset; dropped
Warning: Detected layout profile: single_column (confidence 0.65, 1 column)
Warning: Kept source fonts intact to preserve figure and formula glyph mappings
Wrote: /Users/liyufeng/Desktop/research/awesome_rsi/papers/zh/2309.11690_ExplosiveGrowthReview_zh.pdf
Pages: 27
Translated text blocks: 256
Skipped text blocks: 114
=== [23:48:15] QB done 2309.11690_ExplosiveGrowthReview ===
QUEUE_B_ALL_DONE
